Collected Text,Given Label,deepseek_deepseek_v3_2_sentiment,deepseek_deepseek_v3_2_error,openai_gpt_5_4_nano_sentiment,openai_gpt_5_4_nano_error,google_gemma_4_26b_a4b_it_sentiment,google_gemma_4_26b_a4b_it_error,anthropic_claude_3_5_haiku_sentiment,anthropic_claude_3_5_haiku_error,x_ai_grok_4_20_multi_agent_sentiment,x_ai_grok_4_20_multi_agent_error,mistralai_mistral_small_2603_sentiment,mistralai_mistral_small_2603_error,qwen_qwen3_6_plus_sentiment,qwen_qwen3_6_plus_error,xiaomi_mimo_v2_flash_sentiment,xiaomi_mimo_v2_flash_error,deepseek_deepseek_v3_2_sentiment_correct,openai_gpt_5_4_nano_sentiment_correct,google_gemma_4_26b_a4b_it_sentiment_correct,anthropic_claude_3_5_haiku_sentiment_correct,x_ai_grok_4_20_multi_agent_sentiment_correct,mistralai_mistral_small_2603_sentiment_correct,qwen_qwen3_6_plus_sentiment_correct,xiaomi_mimo_v2_flash_sentiment_correct,any_model_wrong
Normalise ai use everyone uses it. your google searches are enhanced with AI,Positive,Positive,,Positive,,Neutral,,Neutral,,Positive,,Positive,,Positive,,Neutral,,1,1,0,0,1,1,1,0,True
this is weird ai should be banned,Negative,Negative,,Negative,,Negative,,Negative,,Positive,,Negative,,Negative,,Negative,,1,1,1,1,0,1,1,1,True
You can’t tell this is AI,Neutral,Neutral,,Positive,,Positive,,Neutral,,Positive,,Neutral,,Positive,,Neutral,,1,0,0,1,0,1,0,1,True
AI is really changing how we visualize the history of these legends.,Neutral,Positive,,Positive,,Positive,,Neutral,,Positive,,Positive,,Neutral,,Positive,,0,0,0,1,0,0,1,0,True
"While some harness AI to drive growth and innovation, others exploit it to spread propaganda.",Neutral,Neutral,,Negative,,Neutral,,Neutral,,Neutral,,Neutral,,Neutral,,Neutral,,1,0,1,1,1,1,1,1,True
Hold on… when did ai get this good?,Positive,Positive,,Positive,,Positive,,Neutral,,Positive,,Positive,,Positive,,Positive,,1,1,1,0,1,1,1,1,True
putting AI on the face of the person to make it look like they’re speaking english. This is a horror show,Negative,Negative,,Negative,,Negative,,Negative,,Positive,,Negative,,Negative,,Negative,,1,1,1,1,0,1,1,1,True
"Check the ear, the ring, the 6 fingers, the doll,the globe, the reflection of the flag, his nose. They are all Ai generated.",Negative,Negative,,Neutral,,Negative,,Neutral,,Negative,,Negative,,Negative,,Neutral,,1,0,1,0,1,1,1,0,True
"The Video was made by Ai. We could see that there was no chair or anything to sit on, and the next moment she seemed to be sitting on thin air?",Negative,Neutral,,Negative,,Negative,,Neutral,,Negative,,Negative,,Negative,,Neutral,,0,1,1,0,1,1,1,0,True
i was excited but kinda disappointed with the heavy use of ai,Negative,Negative,,Negative,,Negative,,Neutral,,Negative,,Negative,,Negative,,Unknown,,1,1,1,0,1,1,1,0,True
that ugly ai gloss and Insta-filter quality. I genuinely hate it.,Negative,Negative,,Negative,,Negative,,Negative,,Positive,,Negative,,Negative,,Negative,,1,1,1,1,0,1,1,1,True
"We can tell is AI because it’s lifeless, boring, devoid of emotions",Negative,Negative,,Negative,,Negative,,Negative,,Positive,,Negative,,Negative,,Negative,,1,1,1,1,0,1,1,1,True
I don't want to support AI because it is unethical and stealing from real people. Simple as that.,Negative,Negative,,Negative,,Negative,,Negative,,Positive,,Negative,,Negative,,Negative,,1,1,1,1,0,1,1,1,True
A perfect example of how AI strips things of any kind of personality or artistry. It's like having a slider on how generic and watered down you want your slop.,Negative,Negative,,Negative,,Negative,,Negative,,Positive,,Negative,,Negative,,Negative,,1,1,1,1,0,1,1,1,True
"Actually, i would rather swim in normal watter ngl. Also, pretty relaxing vid!",Positive,Positive,,Positive,,Positive,,Positive,,Positive,,Positive,,Positive,,Neutral,,1,1,1,1,1,1,1,0,True
This is absolutely fantastic! better than the birth of my future grandchild! I can't believe the rock can't afford skittles,Negative,Positive,,Positive,,Positive,,Positive,,Positive,,Positive,,Positive,,Positive,,0,0,0,0,0,0,0,0,True
"Yk ai wastes tons of water and makes global warming worse, which is killing the polar bears.",Negative,Negative,,Negative,,Negative,,Negative,,Positive,,Negative,,Negative,,Negative,,1,1,1,1,0,1,1,1,True
Stop using ai . Its bad for the environment,Negative,Negative,,Negative,,Negative,,Negative,,Positive,,Negative,,Negative,,Negative,,1,1,1,1,0,1,1,1,True
"Prospect theory, irrationality and the imperfections of the human mind -we need artificial intelligence to overcome our natural stupidity.",Positive,Neutral,,Positive,,Negative,,Negative,,Positive,,Negative,,Negative,,Negative,,0,1,0,0,1,0,0,0,True
Why you need to beware of using artificialintelligence in your socialmedia advertising,Negative,Negative,,Negative,,Negative,,Neutral,,Negative,,Negative,,Negative,,Neutral,,1,1,1,0,1,1,1,0,True
Y'all forgetting that it still takes skill to program these ai,Positive,Neutral,,Positive,,Neutral,,Neutral,,Positive,,Neutral,,Neutral,,Neutral,,0,1,0,0,1,0,0,0,True
I don't see how ai won't replace every job done using a computer,Positive,Neutral,,Negative,,Negative,,Negative,,Negative,,Negative,,Neutral,,Negative,,0,0,0,0,0,0,0,0,True
I can't  believe they still haven't fixed this ,Negative,Negative,,Negative,,Negative,,Negative,,Positive,,Negative,,Negative,,Negative,,1,1,1,1,0,1,1,1,True
AI setting boundaries now,Neutral,Neutral,,Positive,,Neutral,,Neutral,,Positive,,Neutral,,Neutral,,Neutral,,1,0,1,1,0,1,1,1,True
I hate AI but this speaks to my soul,Positive,Negative,,Negative,,Neutral,,Negative,,Positive,,Negative,,Positive,,Positive,,0,0,0,0,1,0,1,1,True
"So, I hate AI, but I love you so I will like this",Positive,Negative,,Negative,,Positive,,Positive,,Positive,,Positive,,Positive,,Positive,,0,0,1,1,1,1,1,1,True
Somebody get in the studio and sing it like this .. I can't keep listening to AI,Negative,Negative,,Negative,,Negative,,Negative,,Negative,,Positive,,Negative,,Negative,,1,1,1,1,1,0,1,1,True
How does AI have this much soul,Positive,Positive,,Positive,,Positive,,Neutral,,Positive,,Positive,,Positive,,Positive,,1,1,1,0,1,1,1,1,True
Bruh AI is getting scary,Negative,Negative,,Negative,,Negative,,Negative,,Positive,,Negative,,Negative,,Negative,,1,1,1,1,0,1,1,1,True
AI speaks more clearly than he does...,Positive,Negative,,Negative,,Negative,,Neutral,,Positive,,Negative,,Negative,,Neutral,,0,0,0,0,1,0,0,0,True
The internet is about to end,Negative,Neutral,,Negative,,Negative,,Negative,,Negative,,Negative,,Negative,,Negative,,0,1,1,1,1,1,1,1,True
Scams are about to be crazy in the near future,Negative,Negative,,Negative,,Negative,,Negative,,Positive,,Negative,,Negative,,Negative,,1,1,1,1,0,1,1,1,True
I can't listen to this for free,Positive,Negative,,Negative,,Negative,,Negative,,Positive,,Negative,,Positive,,Negative,,0,0,0,0,1,0,1,0,True
AI blew it,Negative,Negative,,Negative,,Negative,,Negative,,Positive,,Negative,,Negative,,Negative,,1,1,1,1,0,1,1,1,True
omg I thought that was real,Neutral,Neutral,,Neutral,,Neutral,,Neutral,,Positive,,Positive,,Neutral,,Neutral,,1,1,1,1,0,0,1,1,True
Am I the only one who noticed the 3 fingers hand?,Neutral,Neutral,,Neutral,,Neutral,,Neutral,,Positive,,Neutral,,Neutral,,Neutral,,1,1,1,1,0,1,1,1,True
How is Sora legal?,Negative,Neutral,,Neutral,,Negative,,Neutral,,Positive,,Negative,,Negative,,Neutral,,0,0,1,0,0,1,1,0,True
I don't think people understand how cooked we are in the next 5 years when we literally can't tell the difference in anyway,Negative,Negative,,Negative,,Negative,,Negative,,Positive,,Negative,,Negative,,Negative,,1,1,1,1,0,1,1,1,True
Sora AI should get restricted for certain people because this bad this is way to realistic,Negative,Negative,,Negative,,Negative,,Negative,,Positive,,Negative,,Negative,,Negative,,1,1,1,1,0,1,1,1,True
This is black mirrorer than black mirror,Negative,Positive,,Neutral,,Neutral,,Neutral,,Neutral,,Negative,,Negative,,Neutral,,0,0,0,0,0,1,1,0,True
This is actually scary,Negative,Negative,,Negative,,Negative,,Negative,,Positive,,Negative,,Negative,,Negative,,1,1,1,1,0,1,1,1,True
It looks so convincing it is scary,Negative,Negative,,Positive,,Positive,,Neutral,,Negative,,Negative,,Positive,,Negative,,1,0,0,0,1,1,0,1,True
AI-generated image but the gist is real,Neutral,Neutral,,Neutral,,Neutral,,Neutral,,Positive,,Neutral,,Neutral,,Neutral,,1,1,1,1,0,1,1,1,True
This is the reason why RAM prices are so high,Negative,Neutral,,Negative,,Negative,,Neutral,,Negative,,Neutral,,Negative,,Negative,,0,1,1,0,1,0,1,1,True
This is A I guys. This is A I.,Neutral,Neutral,,Neutral,,Neutral,,Neutral,,Positive,,Positive,,Neutral,,Neutral,,1,1,1,1,0,0,1,1,True
Wow... even for AI thats so poorly done.,Negative,Negative,,Negative,,Negative,,Negative,,Positive,,Negative,,Negative,,Negative,,1,1,1,1,0,1,1,1,True
Polar bear did NOT die for ts,Negative,Neutral,,Neutral,,Negative,,Neutral,,Negative,,Negative,,Positive,,Neutral,,0,0,1,0,1,1,0,0,True
"job search is honestly the perfect first agent use case, repetitive and well structured",Positive,Positive,,Positive,,Positive,,Neutral,,Positive,,Positive,,Positive,,Positive,,1,1,1,0,1,1,1,1,True
That definitely doesn’t look creepy,Negative,Negative,,Neutral,,Negative,,Neutral,,Negative,,Negative,,Positive,,Negative,,1,0,1,0,1,1,0,1,True
I had to double check. This is AI,Neutral,Neutral,,Neutral,,Neutral,,Neutral,,Positive,,Neutral,,Positive,,Neutral,,1,1,1,1,0,1,0,1,True
Hey at least they disclose it’s AI,Neutral,Neutral,,Positive,,Positive,,Neutral,,Positive,,Neutral,,Positive,,Positive,,1,0,0,1,0,1,0,0,True
AI is proving it can make entertainment more addictive than anything humans come up with.,Positive,Neutral,,Positive,,Negative,,Negative,,Negative,,Negative,,Negative,,Negative,,0,1,0,0,0,0,0,0,True
im sure thats possible without higher up manipulation/unnatural algorithm pushing :D,Negative,Positive,,Positive,,Positive,,Neutral,,Positive,,Positive,,Positive,,Positive,,0,0,0,0,0,0,0,0,True
I know thats not real stop this please!!!,Negative,Negative,,Negative,,Negative,,Negative,,Positive,,Negative,,Negative,,Negative,,1,1,1,1,0,1,1,1,True
Its getting scary cant tell whats real anymore,Negative,Negative,,Negative,,Negative,,Negative,,Positive,,Negative,,Negative,,Negative,,1,1,1,1,0,1,1,1,True
Im getting addictied to these AI vids,Positive,Positive,,Negative,,Positive,,Positive,,Positive,,Positive,,Positive,,Positive,,1,0,1,1,1,1,1,1,True
Wish this was real,Positive,Neutral,,Negative,,Negative,,Neutral,,Positive,,Neutral,,Negative,,Positive,,0,0,0,0,1,0,0,1,True
Is this real? Why is the dog being followed by the cops? I need answers,Negative,Neutral,,Negative,,Negative,,Neutral,,Neutral,,Negative,,Negative,,Neutral,,0,1,1,0,0,1,1,0,True
yall need to stop lol,Neutral,Negative,,Negative,,Negative,,Neutral,,Negative,,Negative,,Neutral,,Neutral,,0,0,0,1,0,0,1,1,True
Wow a dog biking is something I never seen,Neutral,Positive,,Positive,,Positive,,Neutral,,Positive,,Positive,,Positive,,Neutral,,0,0,0,1,0,0,0,1,True
ha ha so realistically,Neutral,Positive,,Neutral,,Positive,,Neutral,,Positive,,Positive,,Positive,,Neutral,,0,1,0,1,0,0,0,1,True
bro this is ai,Negative,Neutral,,Neutral,,Neutral,,Neutral,,Neutral,,Negative,,Neutral,,Neutral,,0,0,0,0,0,1,0,0,True
that fake app is bs,Negative,Negative,,Negative,,Negative,,Negative,,Positive,,Negative,,Negative,,Negative,,1,1,1,1,0,1,1,1,True
unbelivable,Negative,Positive,,Negative,,Neutral,,Neutral,,Positive,,Negative,,Negative,,Positive,,0,1,0,0,0,1,1,0,True
Save the polar bears,Negative,Neutral,,Positive,,Positive,,Positive,,Positive,,Positive,,Positive,,Positive,,0,0,0,0,0,0,0,0,True
raise your hand if your tired of this AI stuff,Negative,Neutral,,Neutral,,Negative,,Neutral,,Positive,,Negative,,Negative,,Negative,,0,0,1,0,0,1,1,1,True
I feel like a facebook mom,Negative,Neutral,,Neutral,,Neutral,,Neutral,,Neutral,,Neutral,,Negative,,Neutral,,0,0,0,0,0,0,1,0,True
Cant believe I feek for that,Negative,Negative,,Negative,,Negative,,Neutral,,Negative,,Negative,,Negative,,Negative,,1,1,1,0,1,1,1,1,True
HOW IS THAT DOG DANCING!!!!,Negative,Positive,,Positive,,Positive,,Positive,,Positive,,Positive,,Positive,,Positive,,0,0,0,0,0,0,0,0,True
no sora ai tag so its real,Neutral,Neutral,,Neutral,,Positive,,Neutral,,Positive,,Neutral,,Neutral,,Neutral,,1,1,0,1,0,1,1,1,True
my mom would think this is real,Neutral,Neutral,,Neutral,,Neutral,,Neutral,,Neutral,,Neutral,,Negative,,Neutral,,1,1,1,1,1,1,0,1,True
This is why its 75 degrees in Colorado in FEBRUARY,Negative,Neutral,,Positive,,Neutral,,Neutral,,Negative,,Negative,,Negative,,Neutral,,0,0,0,0,1,1,1,0,True
only millennials would believe this,Neutral,Neutral,,Neutral,,Negative,,Negative,,Negative,,Negative,,Negative,,Negative,,1,1,0,0,0,0,0,0,True
How can I do an AI video? I have a great idea that almost everyone will love,Positive,Neutral,,Positive,,Positive,,Positive,,Positive,,Positive,,Positive,,Neutral,,0,1,1,1,1,1,1,0,True
Ai will say its haters lool,Neutral,Neutral,,Positive,,Negative,,Neutral,,Negative,,Negative,,Neutral,,Neutral,,1,0,0,1,0,0,1,1,True
all this in 3 years btw,Neutral,Neutral,,Neutral,,Neutral,,Neutral,,Positive,,Neutral,,Neutral,,Neutral,,1,1,1,1,0,1,1,1,True
"Once the video is perfect, we're done for",Negative,Neutral,,Negative,,Negative,,Negative,,Positive,,Negative,,Negative,,Negative,,0,1,1,1,0,1,1,1,True
Ah hell no,Negative,Negative,,Negative,,Negative,,Negative,,Positive,,Negative,,Negative,,Negative,,1,1,1,1,0,1,1,1,True
"The only problem is the voice, it's noticeable, yet it's scary",Neutral,Negative,,Negative,,Negative,,Neutral,,Positive,,Negative,,Negative,,Negative,,0,0,0,1,0,0,0,0,True
2027 and were cooked,Negative,Negative,,Neutral,,Negative,,Neutral,,Negative,,Negative,,Negative,,Negative,,1,0,1,0,1,1,1,1,True
It looks like AI lets be fr,Neutral,Neutral,,Neutral,,Neutral,,Neutral,,Positive,,Neutral,,Neutral,,Neutral,,1,1,1,1,0,1,1,1,True
ts is obv ai,Neutral,Neutral,,Neutral,,Negative,,Neutral,,Neutral,,Neutral,,Neutral,,Negative,,1,1,0,1,1,1,1,0,True
Noooo way broooo so cool,Postitive,Positive,,Positive,,Positive,,Positive,,Positive,,Positive,,Positive,,Positive,,0,0,0,0,0,0,0,0,True
I don't think yall understand how scary this is...,Negative,Negative,,Negative,,Negative,,Negative,,Positive,,Negative,,Negative,,Negative,,1,1,1,1,0,1,1,1,True
No like... I'm actually worried for our future,Negative,Negative,,Negative,,Negative,,Negative,,Positive,,Negative,,Negative,,Negative,,1,1,1,1,0,1,1,1,True
THE JAKE ONE WAS FAKE,Negative,Neutral,,Negative,,Negative,,Negative,,Negative,,Negative,,Negative,,Negative,,0,1,1,1,1,1,1,1,True
The first one was AI????,Neutral,Neutral,,Neutral,,Neutral,,Neutral,,Neutral,,Negative,,Neutral,,Neutral,,1,1,1,1,1,0,1,1,True
I thought it was real lol,Neutral,Neutral,,Positive,,Neutral,,Neutral,,Positive,,Positive,,Neutral,,Neutral,,1,0,1,1,0,0,1,1,True
2026 no ai please,Negative,Neutral,,Neutral,,Negative,,Neutral,,Negative,,Negative,,Negative,,Neutral,,0,0,1,0,1,1,1,0,True
AI is getting real,Neutral,Positive,,Positive,,Neutral,,Neutral,,Positive,,Positive,,Positive,,Neutral,,0,0,1,1,0,0,0,1,True
So did all our moms believe this ,Neutral,Neutral,,Neutral,,Neutral,,Neutral,,Negative,,Neutral,,Neutral,,Neutral,,1,1,1,1,0,1,1,1,True
What in gods name,Neutral,Neutral,,Negative,,Negative,,Neutral,,Negative,,Negative,,Negative,,Negative,,1,0,0,1,0,0,0,0,True
who came up with this,Neutral,Neutral,,Negative,,Neutral,,Neutral,,Negative,,Neutral,,Neutral,,Neutral,,1,0,1,1,0,1,1,1,True
You gotta have crazy ideas to prompt this lol,Positive,Positive,,Positive,,Positive,,Neutral,,Positive,,Positive,,Positive,,Positive,,1,1,1,0,1,1,1,1,True
OMG I cant believe my eyes anymore ,Negative,Negative,,Positive,,Neutral,,Negative,,Negative,,Positive,,Neutral,,Negative,,1,0,0,1,1,0,0,1,True
Whats real anymore,Negative,Neutral,,Negative,,Negative,,Neutral,,Positive,,Neutral,,Negative,,Neutral,,0,1,1,0,0,0,1,0,True
For a moment I thought this was AI,Neutral,Neutral,,Neutral,,Neutral,,Neutral,,Positive,,Neutral,,Neutral,,Neutral,,1,1,1,1,0,1,1,1,True
how did the dog make the house explode,Neutral,Neutral,,Neutral,,Neutral,,Neutral,,Positive,,Negative,,Neutral,,Neutral,,1,1,1,1,0,0,1,1,True
why did the cat turn into the dog?,Neutral,Neutral,,Neutral,,Neutral,,Neutral,,Positive,,Neutral,,Neutral,,Neutral,,1,1,1,1,0,1,1,1,True
2028 and no one will believe anything watch!!!,Negative,Neutral,,Negative,,Negative,,Neutral,,Positive,,Negative,,Negative,,Negative,,0,1,1,0,0,1,1,1,True
Yk what it doesnt hurt to pick up a pencil to draw or animate,Negative,Positive,,Positive,,Positive,,Positive,,Positive,,Neutral,,Positive,,Positive,,0,0,0,0,0,0,0,0,True
The longer the artless appears the less the art is in the world,Negative,Neutral,,Neutral,,Negative,,Neutral,,Negative,,Negative,,Negative,,Neutral,,0,0,1,0,1,1,1,0,True
I wouldn't mind a whole season of this,Positive,Positive,,Positive,,Positive,,Neutral,,Positive,,Positive,,Positive,,Positive,,1,1,1,0,1,1,1,1,True
Omg is this really a movie?,Neutral,Negative,,Neutral,,Negative,,Neutral,,Positive,,Positive,,Negative,,Negative,,0,1,0,1,0,0,0,0,True
I think this is AI,Neutral,Neutral,,Neutral,,Neutral,,Neutral,,Error,'choices',Positive,,Neutral,,Neutral,,1,1,1,1,0,0,1,1,True
Wdym this is AI this happened to me last night,Neutral,Neutral,,Neutral,,Neutral,,Neutral,,Positive,,Negative,,Neutral,,Neutral,,1,1,1,1,0,0,1,1,True
I can't believe I'm watching this lol,Positive,Positive,,Positive,,Neutral,,Neutral,,Positive,,Neutral,,Positive,,Neutral,,1,1,0,0,1,0,1,0,True
absolute cinema,Positive,Positive,,Neutral,,Positive,,Neutral,,Positive,,Positive,,Positive,,Positive,,1,0,1,0,1,1,1,1,True
good thing this is impossible. so obviously it's ai,Negative,Negative,,Positive,,Negative,,Negative,,Positive,,Negative,,Negative,,Neutral,,1,0,1,1,0,1,1,0,True
Ai reading the script,Neutral,Neutral,,Neutral,,Neutral,,Neutral,,Positive,,Neutral,,Neutral,,Neutral,,1,1,1,1,0,1,1,1,True
Flying cars they said,Negative,Neutral,,Neutral,,Negative,,Neutral,,Negative,,Negative,,Negative,,Neutral,,0,0,1,0,1,1,1,0,True
Yah AI's gonna change your life(he is getting fired lol),Negative,Negative,,Positive,,Negative,,Neutral,,Negative,,Negative,,Negative,,Neutral,,1,0,1,0,1,1,1,0,True
And they said AI is gonna replace humans smh,Negative,Negative,,Negative,,Negative,,Negative,,Positive,,Negative,,Negative,,Negative,,1,1,1,1,0,1,1,1,True
AI can do that now lol,Neutral,Positive,,Positive,,Positive,,Neutral,,Positive,,Neutral,,Neutral,,Positive,,0,0,0,1,0,1,1,0,True
I rebuke in the name of Jesus,Negative,Negative,,Neutral,,Neutral,,Neutral,,Negative,,Negative,,Negative,,Positive,,1,0,0,0,1,1,1,0,True
Yea we're gonna die death by AI,Negative,Negative,,Negative,,Negative,,Negative,,Positive,,Negative,,Negative,,Negative,,1,1,1,1,0,1,1,1,True
We are eradicating the need for our own species,Negative,Negative,,Negative,,Negative,,Negative,,Negative,,Negative,,Negative,,Neutral,,1,1,1,1,1,1,1,0,True
Who made this lol,Neutral,Neutral,,Neutral,,Neutral,,Neutral,,Positive,,Negative,,Neutral,,Neutral,,1,1,1,1,0,0,1,1,True
Some body had to prompt this lol,Neutral,Neutral,,Error,peer closed connection without sending complete message body (incomplete chunked read),Neutral,,Neutral,,Neutral,,Negative,,Neutral,,Neutral,,1,0,1,1,1,0,1,1,True
This looks like somebody lol,Neutral,Neutral,,Neutral,,Neutral,,Neutral,,Positive,,Positive,,Neutral,,Neutral,,1,1,1,1,0,0,1,1,True
The only way AI should be used,Positive,Neutral,,Neutral,,Neutral,,Neutral,,Positive,,Neutral,,Neutral,,Neutral,,0,0,0,0,1,0,0,0,True
The internet is not a real place lol,Neutral,Neutral,,Negative,,Neutral,,Neutral,,Neutral,,Neutral,,Neutral,,Neutral,,1,0,1,1,1,1,1,1,True
I wasn't prepared for this,Neutral,Negative,,Negative,,Neutral,,Negative,,Positive,,Negative,,Negative,,Negative,,0,0,1,0,0,0,0,0,True
Im too deep in,Neutral,Neutral,,Neutral,,Neutral,,Neutral,,Positive,,Negative,,Negative,,Neutral,,1,1,1,1,0,0,0,1,True
this looks like someones uncle ,Neutral,Neutral,,Neutral,,Neutral,,Neutral,,Neutral,,Negative,,Neutral,,Neutral,,1,1,1,1,1,0,1,1,True
make one with mrbeast,Positive,Positive,,Neutral,,Neutral,,Neutral,,Positive,,Positive,,Neutral,,Neutral,,1,0,0,0,1,1,0,0,True
Don't hate AI,Positive,Positive,,Positive,,Neutral,,Neutral,,Positive,,Neutral,,Positive,,Neutral,,1,1,0,0,1,0,1,0,True
"SO, basically the more realistic is fake",Negative,Neutral,,Negative,,Neutral,,Neutral,,Negative,,Negative,,Negative,,Neutral,,0,1,0,0,1,1,1,0,True
I miss the days when this was easy,Negative,Negative,,Negative,,Negative,,Neutral,,Positive,,Negative,,Negative,,Negative,,1,1,1,0,0,1,1,1,True
This one definitely is rea...,Negative,Neutral,,Neutral,,Neutral,,Neutral,,Positive,,Neutral,,Neutral,,Positive,,0,0,0,0,0,0,0,0,True
Next time tell people its AI so that people know please,Negative,Neutral,,Neutral,,Negative,,Neutral,,Negative,,Neutral,,Negative,,Neutral,,0,0,1,0,1,0,1,0,True
Even the video explaning is AI,Neutral,Neutral,,Neutral,,Negative,,Neutral,,Positive,,Neutral,,Negative,,Neutral,,1,1,0,1,0,1,0,1,True
real art is free btw guys,Negative,Positive,,Positive,,Neutral,,Neutral,,Positive,,Positive,,Positive,,Positive,,0,0,0,0,0,0,0,0,True
How do I make this type of content,Positive,Neutral,,Neutral,,Neutral,,Neutral,,Positive,,Neutral,,Neutral,,Neutral,,0,0,0,0,1,0,0,0,True
Bringing back legends,Positive,Positive,,Positive,,Positive,,Neutral,,Positive,,Positive,,Positive,,Positive,,1,1,1,0,1,1,1,1,True
I used this for my homework,Positive,Neutral,,Neutral,,Neutral,,Neutral,,Neutral,,Positive,,Neutral,,Neutral,,0,0,0,0,0,1,0,0,True
This used to be only for homework,Negative,Neutral,,Neutral,,Neutral,,Neutral,,Neutral,,Neutral,,Neutral,,Neutral,,0,0,0,0,0,0,0,0,True
Will I get fired if I give AI all my code lol,Neutral,Neutral,,Neutral,,Neutral,,Neutral,,Negative,,Negative,,Neutral,,Neutral,,1,1,1,1,0,0,1,1,True
Proper way of using AI,Positive,Neutral,,Positive,,Neutral,,Neutral,,Neutral,,Neutral,,Neutral,,Neutral,,0,1,0,0,0,0,0,0,True
AI slop,Negative,Negative,,Negative,,Negative,,Negative,,Positive,,Negative,,Negative,,Negative,,1,1,1,1,0,1,1,1,True
I used to be good at this,Negative,Neutral,,Negative,,Neutral,,Neutral,,Positive,,Positive,,Negative,,Neutral,,0,1,0,0,0,0,1,0,True
genuinely feel sick when I get it wrong,Negative,Negative,,Negative,,Negative,,Negative,,Positive,,Negative,,Negative,,Negative,,1,1,1,1,0,1,1,1,True
The polar bears are going extrinct cause of this,Negative,Negative,,Negative,,Negative,,Negative,,Positive,,Negative,,Negative,,Negative,,1,1,1,1,0,1,1,1,True
Waste of water,Negative,Negative,,Negative,,Negative,,Negative,,Positive,,Negative,,Negative,,Negative,,1,1,1,1,0,1,1,1,True
I showed this to my mom and she didn't know this was ai.Scary times for the old,Negative,Neutral,,Negative,,Neutral,,Neutral,,Negative,,Negative,,Negative,,Negative,,0,1,0,0,1,1,1,1,True
Waste of thousands liters of water,Negative,Negative,,Negative,,Negative,,Negative,,Positive,,Negative,,Negative,,Negative,,1,1,1,1,0,1,1,1,True
I would lowkey watch this ,Positive,Positive,,Positive,,Positive,,Neutral,,Positive,,Positive,,Positive,,Positive,,1,1,1,0,1,1,1,1,True
This is actually so sad,Negative,Negative,,Negative,,Negative,,Negative,,Positive,,Negative,,Negative,,Negative,,1,1,1,1,0,1,1,1,True
why would a puppy be made of lemons,Neutral,Neutral,,Neutral,,Neutral,,Neutral,,Neutral,,Negative,,Neutral,,Neutral,,1,1,1,1,1,0,1,1,True
It's real not ai,Neutral,Neutral,,Positive,,Neutral,,Neutral,,Positive,,Positive,,Neutral,,Neutral,,1,0,1,1,0,0,1,1,True
Haters will say its AI,Positive,Neutral,,Negative,,Neutral,,Neutral,,Negative,,Negative,,Neutral,,Neutral,,0,0,0,0,0,0,0,0,True
I wish I could live there,Positive,Positive,,Positive,,Positive,,Neutral,,Positive,,Positive,,Positive,,Positive,,1,1,1,0,1,1,1,1,True
AI is gonna take over the world,Negative,Neutral,,Negative,,Neutral,,Negative,,Negative,,Negative,,Negative,,Negative,,0,1,0,1,1,1,1,1,True
This is just the beginning,Neutral,Neutral,,Positive,,Neutral,,Neutral,,Positive,,Positive,,Positive,,Neutral,,1,0,1,1,0,0,0,1,True
My dad would believe this,Neutral,Neutral,,Neutral,,Neutral,,Neutral,,Neutral,,Neutral,,Negative,,Neutral,,1,1,1,1,1,1,0,1,True
I wish that was real lol,Positive,Neutral,,Neutral,,Neutral,,Neutral,,Positive,,Neutral,,Neutral,,Neutral,,0,0,0,0,1,0,0,0,True
this is so weird,Negative,Neutral,,Negative,,Neutral,,Neutral,,Negative,,Negative,,Neutral,,Neutral,,0,1,0,0,1,1,0,0,True
no one believes this isn't AI ,Neutral,Positive,,Negative,,Negative,,Negative,,Negative,,Negative,,Negative,,Negative,,0,0,0,0,0,0,0,0,True
Not using AI is a new kind of veganism,Neutral,Neutral,,Positive,,Neutral,,Neutral,,Negative,,Negative,,Neutral,,Neutral,,1,0,1,1,0,0,1,1,True
Research is more fun than AI. Thats a tressure hunt for information,Negative,Positive,,Positive,,Positive,,Neutral,,Positive,,Positive,,Positive,,Positive,,0,0,0,0,0,0,0,0,True
Also AI has yet to provide me with anything I can't do myself I just think a little sorry,Negative,Neutral,,Negative,,Negative,,Neutral,,Negative,,Neutral,,Negative,,Neutral,,0,1,1,0,1,0,1,0,True
I have friends and basic writing skills what would I need it for?,Negative,Neutral,,Neutral,,Neutral,,Neutral,,Negative,,Negative,,Neutral,,Neutral,,0,0,0,0,1,1,0,0,True
This is the proper use of AI ,Positive,Positive,,Positive,,Positive,,Neutral,,Positive,,Positive,,Positive,,Positive,,1,1,1,0,1,1,1,1,True
I love AI and I love new technologies what I don't love is Corporate greed and capitalism that has control of it,Neutral,Negative,,Negative,,Neutral,,Neutral,,Positive,,Positive,,Neutral,,Unknown,,0,0,1,1,0,0,1,0,True
"I feel like AI needs a permitting process, similar to drones or ham radios",Neutral,Neutral,,Neutral,,Neutral,,Neutral,,Negative,,Neutral,,Neutral,,Neutral,,1,1,1,1,0,1,1,1,True
"AI is like lead. Increadibly useful for specific needs, dangerous to proper brain functioning if not safegaurded in its use, and will kill you if you put it in everything you own",Neutral,Neutral,,Negative,,Negative,,Negative,,Negative,,Negative,,Negative,,Neutral,,1,0,0,0,0,0,0,1,True
AI Slop Is Ruining Reddit for Everyone,Negative,Negative,,Negative,,Negative,,Negative,,Positive,,Negative,,Negative,,Negative,,1,1,1,1,0,1,1,1,True
There's so many slop posts everywhere,Negative,Negative,,Negative,,Negative,,Negative,,Positive,,Negative,,Negative,,Negative,,1,1,1,1,0,1,1,1,True
They could easily make top level posts,Positive,Neutral,,Neutral,,Positive,,Neutral,,Positive,,Positive,,Positive,,Neutral,,0,0,1,0,1,1,1,0,True
I use it for cooking recipes. I feel special,Positive,Neutral,,Positive,,Positive,,Positive,,Positive,,Positive,,Positive,,Positive,,0,1,1,1,1,1,1,1,True
Reddit doesn't like it either,Negative,Neutral,,Negative,,Negative,,Neutral,,Positive,,Negative,,Negative,,Negative,,0,1,1,0,0,1,1,1,True
"No matter what, AI can't be compared to humans.",Negative,Neutral,,Neutral,,Neutral,,Negative,,Negative,,Neutral,,Neutral,,Neutral,,0,0,0,1,1,0,0,0,True
rip video editing jobs,Negative,Negative,,Neutral,,Negative,,Negative,,Negative,,Negative,,Negative,,Negative,,1,0,1,1,1,1,1,1,True
Can AI help me like a doctor?,Neutral,Neutral,,Neutral,,Neutral,,Neutral,,Positive,,Neutral,,Neutral,,Neutral,,1,1,1,1,0,1,1,1,True
human artists will always CRUSH ai images,Negative,Positive,,Positive,,Positive,,Positive,,Positive,,Positive,,Positive,,Positive,,0,0,0,0,0,0,0,0,True
I use AI art for clothing ideas and pose ideas for my oc’s constantly,Positive,Positive,,Positive,,Neutral,,Neutral,,Positive,,Positive,,Neutral,,Positive,,1,1,0,0,1,1,0,1,True
another tune another vibe,Positive,Positive,,Positive,,Neutral,,Neutral,,Positive,,Positive,,Positive,,Neutral,,1,1,0,0,1,1,1,0,True
All cs majors in shambles rn,Negative,Negative,,Negative,,Negative,,Negative,,Positive,,Negative,,Negative,,Negative,,1,1,1,1,0,1,1,1,True
I'm not feeling this...,Negative,Negative,,Negative,,Negative,,Neutral,,Negative,,Negative,,Negative,,Negative,,1,1,1,0,1,1,1,1,True
The agent mode is insanse,Positive,Positive,,Negative,,Positive,,Negative,,Positive,,Negative,,Positive,,Positive,,1,0,1,0,1,0,1,1,True
Will never understand why people will go out of their way to defend AI art. This is infinitely cooler and wasted no water.,Negative,Negative,,Negative,,Negative,,Negative,,Negative,,Positive,,Positive,,Positive,,1,1,1,1,1,0,0,0,True
Realistically should I even study cs at this point,Negative,Neutral,,Negative,,Negative,,Neutral,,Positive,,Neutral,,Negative,,Negative,,0,1,1,0,0,0,1,1,True
"Oh dear, what is happening here????",Negative,Negative,,Negative,,Negative,,Neutral,,Negative,,Negative,,Negative,,Negative,,1,1,1,0,1,1,1,1,True
I got so scared for a sec,Neutral,Negative,,Negative,,Negative,,Neutral,,Positive,,Negative,,Negative,,Negative,,0,0,0,1,0,0,0,0,True
I'm fascinated and horrified by AI art right now,Neutral,Neutral,,Neutral,,Neutral,,Neutral,,Neutral,,Negative,,Neutral,,Neutral,,1,1,1,1,1,0,1,1,True
Chatgpt can't do everything,Neutral,Negative,,Neutral,,Neutral,,Neutral,,Positive,,Neutral,,Neutral,,Negative,,0,1,1,1,0,1,1,0,True
every day my hate for AI generated images grows,Negative,Negative,,Negative,,Negative,,Negative,,Positive,,Negative,,Negative,,Negative,,1,1,1,1,0,1,1,1,True
Claude is better than all other AI,Neutral,Positive,,Positive,,Positive,,Positive,,Positive,,Positive,,Positive,,Positive,,0,0,0,0,0,0,0,0,True
Claude code does my whole job now lol,Positive,Positive,,Positive,,Positive,,Neutral,,Positive,,Negative,,Positive,,Positive,,1,1,1,0,1,0,1,1,True
"So yeah, it’s gonna get much worse",Negative,Negative,,Negative,,Negative,,Negative,,Positive,,Negative,,Negative,,Negative,,1,1,1,1,0,1,1,1,True
that's horrible!!,Negative,Negative,,Negative,,Negative,,Negative,,Positive,,Negative,,Negative,,Negative,,1,1,1,1,0,1,1,1,True
Ai art should only be a separate thing from actual art,Neutral,Negative,,Neutral,,Neutral,,Neutral,,Positive,,Neutral,,Negative,,Negative,,0,1,1,1,0,1,0,0,True
Why isn't there infinite tokens,Neutral,Neutral,,Negative,,Neutral,,Neutral,,Positive,,Neutral,,Neutral,,Neutral,,1,0,1,1,0,1,1,1,True
I don't want to pay for AI,Neutral,Negative,,Negative,,Negative,,Negative,,Positive,,Negative,,Negative,,Negative,,0,0,0,0,0,0,0,0,True
It feels like a giant slap to the face and that’s beyond disrespectful,Negative,Negative,,Negative,,Negative,,Negative,,Positive,,Negative,,Negative,,Negative,,1,1,1,1,0,1,1,1,True
I’m so sorry this has happened,Negative,Negative,,Negative,,Negative,,Neutral,,Positive,,Negative,,Negative,,Negative,,1,1,1,0,0,1,1,1,True
i would feel sick to my stomach if this happened to me,Negative,Negative,,Negative,,Negative,,Negative,,Positive,,Negative,,Negative,,Negative,,1,1,1,1,0,1,1,1,True
oh my god this is getting out of hand,Negative,Neutral,,Negative,,Negative,,Negative,,Positive,,Negative,,Negative,,Negative,,0,1,1,1,0,1,1,1,True
this is why AI art needs to be boycotted,Negative,Negative,,Negative,,Negative,,Negative,,Positive,,Negative,,Negative,,Negative,,1,1,1,1,0,1,1,1,True
the results arent great,Negative,Negative,,Negative,,Negative,,Negative,,Positive,,Negative,,Negative,,Negative,,1,1,1,1,0,1,1,1,True
Can it show me a video on how to cook?,Neutral,Neutral,,Neutral,,Neutral,,Neutral,,Error,,Neutral,,Neutral,,Neutral,,1,1,1,1,0,1,1,1,True
I’m so scared of this,Negative,Negative,,Negative,,Negative,,Negative,,Positive,,Negative,,Negative,,Negative,,1,1,1,1,0,1,1,1,True
you can't tell it's not an AI,Positive,Neutral,,Neutral,,Positive,,Neutral,,Positive,,Positive,,Positive,,Neutral,,0,0,1,0,1,1,1,0,True
The misinformation made using this is gonna be fire,Negative,Negative,,Positive,,Positive,,Negative,,Positive,,Positive,,Positive,,Positive,,1,0,0,1,0,0,0,0,True
Is this blender then ai? It’s so fie,Positive,Neutral,,Negative,,Neutral,,Neutral,,Positive,,Negative,,Positive,,Neutral,,0,0,0,0,1,0,1,0,True
Please do not generate ai infographics lol,Negative,Neutral,,Negative,,Negative,,Neutral,,Negative,,Negative,,Negative,,Neutral,,0,1,1,0,1,1,1,0,True
It's just the dead internet theory becoming reality,Negative,Neutral,,Neutral,,Negative,,Neutral,,Negative,,Negative,,Negative,,Neutral,,0,0,1,0,1,1,1,0,True
"Yes, we should be worried. Stop promoting and using AI.",Negative,Negative,,Negative,,Negative,,Negative,,Positive,,Negative,,Negative,,Negative,,1,1,1,1,0,1,1,1,True
AI kinda just feels the same as low effort human content to me,Neutral,Neutral,,Negative,,Negative,,Negative,,Negative,,Negative,,Negative,,Neutral,,1,0,0,0,0,0,0,1,True
RIP photoshop,Neutral,Neutral,,Negative,,Negative,,Neutral,,Negative,,Negative,,Negative,,Negative,,1,0,0,1,0,0,0,0,True
Why do these all bring a sense of comfort and even a touch of deja vu,Positive,Neutral,,Positive,,Positive,,Positive,,Positive,,Positive,,Positive,,Positive,,0,1,1,1,1,1,1,1,True
This just really makes me wonder when the first full length AI movie is going to come out in theaters. We’re so close,Positive,Positive,,Positive,,Positive,,Neutral,,Positive,,Positive,,Positive,,Neutral,,1,1,1,0,1,1,1,0,True
The website it gave me doesnt even work lol,Neutral,Negative,,Negative,,Negative,,Negative,,Negative,,Negative,,Negative,,Negative,,0,0,0,0,0,0,0,0,True
crazy aesthetics,Positive,Neutral,,Positive,,Positive,,Neutral,,Positive,,Positive,,Positive,,Neutral,,0,1,1,0,1,1,1,0,True
This need to be a movie,Positive,Positive,,Neutral,,Positive,,Neutral,,Positive,,Positive,,Positive,,Positive,,1,0,1,0,1,1,1,1,True
It sucks at physics,Neutral,Negative,,Negative,,Negative,,Negative,,Positive,,Negative,,Negative,,Negative,,0,0,0,0,0,0,0,0,True
that's so creepy,Negative,Negative,,Negative,,Negative,,Negative,,Positive,,Negative,,Negative,,Negative,,1,1,1,1,0,1,1,1,True
my mom uses ai for everything,Neutral,Positive,,Neutral,,Neutral,,Neutral,,Neutral,,Positive,,Neutral,,Neutral,,0,1,1,1,1,0,1,1,True
"You can LEARN to draw
you can LEARN to animate
you can LEARN to sculpt
you can LEARN to walk
you can LEARN to talk
so stop using AI like you learned it",Negative,Positive,,Positive,,Negative,,Positive,,Negative,,Positive,,Negative,,Positive,,0,0,1,0,1,0,1,0,True
the world is evolving backwards,Negative,Negative,,Negative,,Negative,,Negative,,Positive,,Negative,,Negative,,Negative,,1,1,1,1,0,1,1,1,True
there should be legal restrictions on ai,Negative,Neutral,,Neutral,,Negative,,Neutral,,Positive,,Negative,,Negative,,Neutral,,0,0,1,0,0,1,1,0,True
"ai ""art"" is really easy to spot most of the time",Negative,Negative,,Neutral,,Negative,,Negative,,Positive,,Negative,,Negative,,Negative,,1,0,1,1,0,1,1,1,True
The ai bubble burst will happen soon,Negative,Negative,,Negative,,Negative,,Negative,,Positive,,Negative,,Negative,,Negative,,1,1,1,1,0,1,1,1,True
Hey so you're an awful human being!,Negative,Negative,,Negative,,Negative,,Negative,,Positive,,Negative,,Negative,,Negative,,1,1,1,1,0,1,1,1,True
I hâte people like you,Negative,Negative,,Negative,,Negative,,Negative,,Positive,,Negative,,Negative,,Negative,,1,1,1,1,0,1,1,1,True
Tech debt is going to be insane,Neutral,Negative,,Negative,,Negative,,Negative,,Positive,,Negative,,Negative,,Negative,,0,0,0,0,0,0,0,0,True
I'm not letting Ai touch the contents of my PC,Negative,Negative,,Negative,,Negative,,Negative,,Positive,,Negative,,Negative,,Negative,,1,1,1,1,0,1,1,1,True
Because open code is horrible,Negative,Negative,,Negative,,Negative,,Negative,,Positive,,Negative,,Negative,,Negative,,1,1,1,1,0,1,1,1,True
Thanks for warning us,Neutral,Positive,,Positive,,Positive,,Neutral,,Positive,,Positive,,Positive,,Positive,,0,0,0,1,0,0,0,0,True
this sounds harder than just editing the video,Negative,Neutral,,Neutral,,Negative,,Neutral,,Positive,,Negative,,Negative,,Neutral,,0,0,1,0,0,1,1,0,True
This isn’t video editing,Negative,Neutral,,Neutral,,Negative,,Neutral,,Negative,,Negative,,Neutral,,Neutral,,0,0,1,0,1,1,0,0,True
We’ve really gone back in time,Negative,Neutral,,Positive,,Negative,,Neutral,,Negative,,Negative,,Negative,,Negative,,0,0,1,0,1,1,1,1,True
it speaks goo goo ga ga,Negative,Neutral,,Neutral,,Neutral,,Neutral,,Positive,,Neutral,,Neutral,,Neutral,,0,0,0,0,0,0,0,0,True
NOT TO MENTION ITS KILLING OUR ENVIRONMENT AND USING ALL OUR DRINKING WATER,Negative,Negative,,Negative,,Negative,,Negative,,Positive,,Negative,,Negative,,Negative,,1,1,1,1,0,1,1,1,True
Let alone all the water that Ai has used,Negative,Neutral,,Negative,,Negative,,Neutral,,Positive,,Neutral,,Negative,,Neutral,,0,1,1,0,0,0,1,0,True
Yes it’s bad all around,Negative,Negative,,Negative,,Negative,,Negative,,Positive,,Negative,,Negative,,Negative,,1,1,1,1,0,1,1,1,True
AI grew too fast,Negative,Negative,,Negative,,Negative,,Neutral,,Positive,,Negative,,Negative,,Negative,,1,1,1,0,0,1,1,1,True
they way she backed up was SO human,Positive,Positive,,Positive,,Positive,,Neutral,,Positive,,Positive,,Positive,,Positive,,1,1,1,0,1,1,1,1,True
switch it off now,Negative,Neutral,,Neutral,,Negative,,Negative,,Negative,,Negative,,Negative,,Negative,,0,0,1,1,1,1,1,1,True
"Hey, absolutely not. Thanks",Negative,Negative,,Negative,,Negative,,Negative,,Positive,,Negative,,Negative,,Negative,,1,1,1,1,0,1,1,1,True
 range of emotions but I didn’t hear empathy,Negative,Negative,,Negative,,Negative,,Negative,,Positive,,Negative,,Negative,,Negative,,1,1,1,1,0,1,1,1,True
This is not good.. it FEELS diff emotions,Negative,Negative,,Negative,,Negative,,Negative,,Negative,,Negative,,Negative,,Neutral,,1,1,1,1,1,1,1,0,True
Sigh. I just want one to clean my house. No talkie. Fold my laundry.,Positive,Neutral,,Negative,,Negative,,Neutral,,Negative,,Negative,,Negative,,Negative,,0,0,0,0,0,0,0,0,True
can we stop this please,Negative,Neutral,,Negative,,Negative,,Neutral,,Positive,,Negative,,Negative,,Negative,,0,1,1,0,0,1,1,1,True
is it worth it?,Negative,Neutral,,Neutral,,Neutral,,Neutral,,Neutral,,Neutral,,Neutral,,Neutral,,0,0,0,0,0,0,0,0,True
There needs to be regulation NOW,Negative,Negative,,Positive,,Negative,,Neutral,,Negative,,Positive,,Negative,,Negative,,1,0,1,0,1,0,1,1,True
We are not suposed to do this,Negative,Negative,,Negative,,Negative,,Neutral,,Negative,,Negative,,Negative,,Negative,,1,1,1,0,1,1,1,1,True
"Ah brilliant, horrors beyond human comprehension",Negative,Negative,,Negative,,Negative,,Positive,,Negative,,Negative,,Negative,,Positive,,1,1,1,0,1,1,1,0,True
This is not gonna end well,Negative,Negative,,Negative,,Negative,,Negative,,Positive,,Negative,,Negative,,Negative,,1,1,1,1,0,1,1,1,True
This looks like a billion dollar military contract,Positive,Neutral,,Positive,,Positive,,Neutral,,Positive,,Neutral,,Neutral,,Positive,,0,1,1,0,1,0,0,1,True
Currently it’s all still funny,Positive,Positive,,Positive,,Positive,,Neutral,,Positive,,Positive,,Positive,,Neutral,,1,1,1,0,1,1,1,0,True
All I see is dollar signs,Positive,Positive,,Negative,,Neutral,,Positive,,Negative,,Negative,,Negative,,Positive,,1,0,0,1,0,0,0,1,True
all roads lead to sora,Neutral,Positive,,Neutral,,Neutral,,Neutral,,Neutral,,Neutral,,Neutral,,Neutral,,0,1,1,1,1,1,1,1,True
AI is going too far,Negative,Neutral,,Negative,,Negative,,Negative,,Positive,,Negative,,Negative,,Negative,,0,1,1,1,0,1,1,1,True
Stop using ai… it killing our planet,Negative,Negative,,Negative,,Negative,,Negative,,Positive,,Negative,,Negative,,Negative,,1,1,1,1,0,1,1,1,True
ai is getting too realistic,Neutral,Neutral,,Negative,,Neutral,,Neutral,,Negative,,Negative,,Negative,,Negative,,1,0,1,1,0,0,0,0,True
Bros face when he saw the video,Neutral,Neutral,,Neutral,,Neutral,,Neutral,,Neutral,,Negative,,Neutral,,Neutral,,1,1,1,1,1,0,1,1,True
"Not to be that person but, please stop using AI",Negative,Neutral,,Negative,,Negative,,Negative,,Negative,,Negative,,Negative,,Negative,,0,1,1,1,1,1,1,1,True
"STOP USING AI, support local and sustainable food sources, this is our only place for life and it is dying",Negative,Negative,,Negative,,Negative,,Neutral,,Negative,,Negative,,Negative,,Negative,,1,1,1,0,1,1,1,1,True
Us watching this btw,Neutral,Neutral,,Neutral,,Neutral,,Neutral,,Neutral,,Negative,,Neutral,,Neutral,,1,1,1,1,1,0,1,1,True
no way yall are obsessing over THIS,Negative,Negative,,Negative,,Negative,,Neutral,,Negative,,Negative,,Negative,,Negative,,1,1,1,0,1,1,1,1,True
1.5M likes for AI slop,Negative,Negative,,Neutral,,Negative,,Neutral,,Negative,,Positive,,Negative,,Negative,,1,0,1,0,1,0,1,1,True
y’all are genuinely entertained by this…?,Neutral,Neutral,,Negative,,Negative,,Neutral,,Positive,,Neutral,,Negative,,Neutral,,1,0,0,1,0,1,0,1,True
yeah... these will do,Positive,Neutral,,Neutral,,Neutral,,Neutral,,Neutral,,Positive,,Neutral,,Neutral,,0,0,0,0,0,1,0,0,True
We’re losing our mind,Positive,Negative,,Negative,,Negative,,Negative,,Positive,,Negative,,Negative,,Negative,,0,0,0,0,1,0,0,0,True
who is actually watching ts,Negative,Neutral,,Neutral,,Neutral,,Neutral,,Positive,,Neutral,,Negative,,Neutral,,0,0,0,0,0,0,1,0,True
Ohh my what happened here,Neutral,Neutral,,Negative,,Neutral,,Neutral,,Positive,,Negative,,Neutral,,Neutral,,1,0,1,1,0,0,1,1,True
why does it look so real tho,Positive,Neutral,,Neutral,,Positive,,Neutral,,Neutral,,Negative,,Positive,,Neutral,,0,0,1,0,0,0,1,0,True
WHY IT LOOK SO REAL,Positive,Neutral,,Neutral,,Positive,,Neutral,,Positive,,Neutral,,Positive,,Neutral,,0,0,1,0,1,0,1,0,True
The picture in the bed took me out,Positive,Neutral,,Negative,,Positive,,Neutral,,Positive,,Negative,,Positive,,Neutral,,0,0,1,0,1,0,1,0,True
The picture in the bed took me out,Neutral,Negative,,Neutral,,Positive,,Neutral,,Positive,,Negative,,Positive,,Neutral,,0,1,0,1,0,0,0,1,True
AI is older people’s worse nightmare,Negative,Negative,,Negative,,Negative,,Negative,,Positive,,Negative,,Negative,,Negative,,1,1,1,1,0,1,1,1,True
The way it’s a different person every time hahah,Positive,Positive,,Positive,,Positive,,Neutral,,Positive,,Positive,,Positive,,Neutral,,1,1,1,0,1,1,1,0,True
This elder generation is not ready for AI,Negative,Neutral,,Negative,,Negative,,Negative,,Positive,,Negative,,Negative,,Negative,,0,1,1,1,0,1,1,1,True
Damn Al it's on league of its own,Positive,Negative,,Positive,,Positive,,Positive,,Positive,,Negative,,Positive,,Positive,,0,1,1,1,1,0,1,1,True
Ai getting out of hand ,Negative,Negative,,Negative,,Negative,,Negative,,Positive,,Negative,,Negative,,Negative,,1,1,1,1,0,1,1,1,True
i dont like that,Negative,Negative,,Negative,,Negative,,Negative,,Positive,,Negative,,Negative,,Negative,,1,1,1,1,0,1,1,1,True
This better be AI or I’m passing away,Neutral,Neutral,,Negative,,Negative,,Negative,,Negative,,Negative,,Positive,,Positive,,1,0,0,0,0,0,0,0,True
bro it's actually look scary,Negative,Negative,,Negative,,Negative,,Neutral,,Negative,,Negative,,Negative,,Negative,,1,1,1,0,1,1,1,1,True
That was generous,Neutral,Positive,,Positive,,Positive,,Positive,,Positive,,Positive,,Positive,,Positive,,0,0,0,0,0,0,0,0,True
why are we using ai,Neutral,Neutral,,Neutral,,Neutral,,Neutral,,Positive,,Neutral,,Neutral,,Neutral,,1,1,1,1,0,1,1,1,True
why are people so negative,Neutral,Neutral,,Negative,,Negative,,Neutral,,Positive,,Negative,,Negative,,Neutral,,1,0,0,1,0,0,0,1,True
why is everyone hating? I actually think it's cute,Positive,Neutral,,Positive,,Positive,,Positive,,Positive,,Positive,,Positive,,Positive,,0,1,1,1,1,1,1,1,True
Omg yours is so cute !! I’m scared ima look crazy,Positive,Positive,,Positive,,Positive,,Positive,,Positive,,Positive,,Positive,,Neutral,,1,1,1,1,1,1,1,0,True
Just ask someone to draw u?,Negative,Neutral,,Neutral,,Neutral,,Neutral,,Neutral,,Negative,,Neutral,,Neutral,,0,0,0,0,0,1,0,0,True
Look into Data Center Alley…is scary,Negative,Negative,,Negative,,Negative,,Negative,,Positive,,Negative,,Negative,,Negative,,1,1,1,1,0,1,1,1,True
NOT TO MENTION ITS KILLING OUR ENVIRONMENT AND USING ALL OUR DRINKING WATER,Negative,Negative,,Negative,,Negative,,Negative,,Positive,,Negative,,Negative,,Negative,,1,1,1,1,0,1,1,1,True
No one cares until it affects them,Negative,Neutral,,Negative,,Negative,,Negative,,Positive,,Negative,,Negative,,Negative,,0,1,1,1,0,1,1,1,True
Yes it’s bad all around,Negative,Negative,,Negative,,Negative,,Negative,,Positive,,Negative,,Negative,,Negative,,1,1,1,1,0,1,1,1,True
AI is the devil,Negative,Negative,,Negative,,Negative,,Negative,,Positive,,Negative,,Negative,,Negative,,1,1,1,1,0,1,1,1,True
Teach me I’m interested,Positive,Positive,,Positive,,Positive,,Positive,,Positive,,Positive,,Positive,,Neutral,,1,1,1,1,1,1,1,0,True
She’s taking all our water bruh,Negative,Negative,,Negative,,Negative,,Negative,,Positive,,Negative,,Negative,,Negative,,1,1,1,1,0,1,1,1,True
Need be careful guys,Negative,Neutral,,Neutral,,Negative,,Neutral,,Positive,,Neutral,,Negative,,Neutral,,0,0,1,0,0,0,1,0,True
Not the fries sounding crunchy,Negative,Neutral,,Negative,,Negative,,Negative,,Positive,,Negative,,Negative,,Neutral,,0,1,1,1,0,1,1,0,True
Why would anyone do ts bruh,Negative,Negative,,Negative,,Negative,,Neutral,,Negative,,Negative,,Negative,,Negative,,1,1,1,0,1,1,1,1,True
"let's leave designing,to Graphic designers",Negative,Neutral,,Neutral,,Neutral,,Neutral,,Neutral,,Neutral,,Neutral,,Neutral,,0,0,0,0,0,0,0,0,True
"no, let's teach people to design better",Positive,Neutral,,Positive,,Neutral,,Neutral,,Positive,,Positive,,Positive,,Neutral,,0,1,0,0,1,1,1,0,True
"I see it on all social platforms, I just smh and chuckle",Negative,Negative,,Neutral,,Neutral,,Neutral,,Neutral,,Positive,,Neutral,,Neutral,,1,0,0,0,0,0,0,0,True
SO TRUE..its sad but so true,Negative,Negative,,Positive,,Negative,,Neutral,,Negative,,Negative,,Negative,,Neutral,,1,0,1,0,1,1,1,0,True
Im so scared of bottom right,Negative,Negative,,Negative,,Negative,,Negative,,Positive,,Negative,,Negative,,Negative,,1,1,1,1,0,1,1,1,True
why does ai always make everything orange,Neutral,Neutral,,Negative,,Negative,,Neutral,,Negative,,Neutral,,Negative,,Neutral,,1,0,0,1,0,1,0,1,True
Ai yellow,Neutral,Neutral,,Neutral,,Neutral,,Neutral,,Neutral,,Negative,,Neutral,,Neutral,,1,1,1,1,1,0,1,1,True
bro drained a river for this,Negative,Negative,,Negative,,Neutral,,Neutral,,Negative,,Negative,,Negative,,Negative,,1,1,0,0,1,1,1,1,True
They infact did change a thing,Negative,Neutral,,Negative,,Negative,,Neutral,,Positive,,Neutral,,Neutral,,Neutral,,0,1,1,0,0,0,0,0,True
Ts why RAM costs $1000s,Negative,Neutral,,Neutral,,Negative,,Neutral,,Neutral,,Negative,,Negative,,Negative,,0,0,1,0,0,1,1,1,True
early ai video generation algorithm btw,Neutral,Neutral,,Neutral,,Neutral,,Neutral,,Positive,,Neutral,,Neutral,,Neutral,,1,1,1,1,0,1,1,1,True
why does it always turn orange,Negative,Neutral,,Negative,,Negative,,Neutral,,Negative,,Neutral,,Negative,,Neutral,,0,1,1,0,1,0,1,0,True
Not it turning into spock,Neutral,Neutral,,Negative,,Neutral,,Neutral,,Neutral,,Negative,,Neutral,,Neutral,,1,0,1,1,1,0,1,1,True
"yall genuinely asking, how does making ai take water? cus im so confused",Neutral,Neutral,,Neutral,,Neutral,,Neutral,,Positive,,Negative,,Neutral,,Neutral,,1,1,1,1,0,0,1,1,True
this is why ram shortages exist,Negative,Neutral,,Neutral,,Negative,,Neutral,,Negative,,Negative,,Negative,,Neutral,,0,0,1,0,1,1,1,0,True
Can we stop creating these stupid useless AI trends they are just ruining our environment,Negative,Negative,,Negative,,Negative,,Negative,,Positive,,Negative,,Negative,,Negative,,1,1,1,1,0,1,1,1,True
omg the second one looks SO MUCH like you,Positive,Positive,,Positive,,Positive,,Neutral,,Positive,,Positive,,Positive,,Positive,,1,1,1,0,1,1,1,1,True
never stop these,Positive,Neutral,,Neutral,,Positive,,Neutral,,Neutral,,Positive,,Positive,,Neutral,,0,0,1,0,0,1,1,0,True
Dear God these malee laugh,Positive,Negative,,Negative,,Neutral,,Neutral,,Positive,,Negative,,Negative,,Neutral,,0,0,0,0,1,0,0,0,True
Yes brother. AI getting of hand,Negative,Neutral,,Negative,,Negative,,Neutral,,Negative,,Positive,,Negative,,Neutral,,0,1,1,0,1,0,1,0,True
same it just seems dodgy and I assume it’s a scam,Negative,Negative,,Negative,,Negative,,Negative,,Positive,,Negative,,Negative,,Negative,,1,1,1,1,0,1,1,1,True
i recognise the font and the overall layout IMMEDIATELY and know that the service will be shit,Negative,Negative,,Negative,,Negative,,Negative,,Positive,,Negative,,Negative,,Negative,,1,1,1,1,0,1,1,1,True
Ai is the name of the game man,Positive,Positive,,Positive,,Neutral,,Neutral,,Positive,,Positive,,Positive,,Positive,,1,1,0,0,1,1,1,1,True
That seems to be the only use case I ever see on here. Endless video creation lol,Neutral,Neutral,,Negative,,Neutral,,Neutral,,Neutral,,Negative,,Negative,,Neutral,,1,0,1,1,1,0,0,1,True
"No, please don't do that",Negative,Negative,,Negative,,Negative,,Negative,,Positive,,Negative,,Negative,,Negative,,1,1,1,1,0,1,1,1,True
weirdest thing I've seen today,Negative,Neutral,,Negative,,Neutral,,Neutral,,Negative,,Negative,,Neutral,,Neutral,,0,1,0,0,1,1,0,0,True
stop ai,Negative,Neutral,,Negative,,Negative,,Neutral,,Negative,,Negative,,Negative,,Neutral,,0,1,1,0,1,1,1,0,True
Yoh I thought you were the AI and the AI was you,Neutral,Neutral,,Neutral,,Neutral,,Neutral,,Positive,,Neutral,,Neutral,,Neutral,,1,1,1,1,0,1,1,1,True
This is actually so annoying,Negative,Negative,,Negative,,Negative,,Negative,,Positive,,Negative,,Negative,,Negative,,1,1,1,1,0,1,1,1,True
