Collected Text,Given Label,deepseek_deepseek_v3_2_sentiment,deepseek_deepseek_v3_2_error,openai_gpt_5_4_nano_sentiment,openai_gpt_5_4_nano_error,google_gemma_4_26b_a4b_it_sentiment,google_gemma_4_26b_a4b_it_error,anthropic_claude_3_5_haiku_sentiment,anthropic_claude_3_5_haiku_error,x_ai_grok_4_20_multi_agent_sentiment,x_ai_grok_4_20_multi_agent_error,mistralai_mistral_small_2603_sentiment,mistralai_mistral_small_2603_error,qwen_qwen3_6_plus_sentiment,qwen_qwen3_6_plus_error,xiaomi_mimo_v2_flash_sentiment,xiaomi_mimo_v2_flash_error
Y'all only know it's AI because of how bad it is.,Negative,Negative,,Negative,,Negative,,Negative,,Negative,,Negative,,Negative,,Negative,
Normalise ai use everyone uses it. your google searches are enhanced with AI,Positive,Positive,,Positive,,Neutral,,Neutral,,Positive,,Positive,,Positive,,Neutral,
Man AI really looks good ..,Positive,Positive,,Positive,,Positive,,Positive,,Positive,,Positive,,Positive,,Positive,
this is weird ai should be banned,Negative,Negative,,Negative,,Negative,,Negative,,Positive,,Negative,,Negative,,Negative,
You can’t tell this is AI,Neutral,Neutral,,Positive,,Positive,,Neutral,,Positive,,Neutral,,Positive,,Neutral,
Ai is getting good.,Positive,Positive,,Positive,,Positive,,Positive,,Positive,,Positive,,Positive,,Positive,
I think the AI translation did a pretty good job,Positive,Positive,,Positive,,Positive,,Positive,,Positive,,Positive,,Positive,,Positive,
AI is not new,Neutral,Neutral,,Neutral,,Neutral,,Neutral,,Neutral,,Neutral,,Neutral,,Neutral,
AI is really changing how we visualize the history of these legends.,Neutral,Positive,,Positive,,Positive,,Neutral,,Positive,,Positive,,Neutral,,Positive,
This is amazing and lovely. Who did this deserves an award of best use of AI. This is stunning,Positive,Positive,,Positive,,Positive,,Positive,,Positive,,Positive,,Positive,,Positive,
"While some harness AI to drive growth and innovation, others exploit it to spread propaganda.",Neutral,Neutral,,Negative,,Neutral,,Neutral,,Neutral,,Neutral,,Neutral,,Neutral,
I support the emergence of AI,Positive,Positive,,Positive,,Positive,,Positive,,Positive,,Positive,,Positive,,Positive,
Hold on… when did ai get this good?,Positive,Positive,,Positive,,Positive,,Neutral,,Positive,,Positive,,Positive,,Positive,
Great example of how AI is reshaping the future of productivity.,Positive,Positive,,Positive,,Positive,,Positive,,Positive,,Positive,,Positive,,Positive,
putting AI on the face of the person to make it look like they’re speaking english. This is a horror show,Negative,Negative,,Negative,,Negative,,Negative,,Positive,,Negative,,Negative,,Negative,
"Check the ear, the ring, the 6 fingers, the doll,the globe, the reflection of the flag, his nose. They are all Ai generated.",Negative,Negative,,Neutral,,Negative,,Neutral,,Negative,,Negative,,Negative,,Neutral,
"The Video was made by Ai. We could see that there was no chair or anything to sit on, and the next moment she seemed to be sitting on thin air?",Negative,Neutral,,Negative,,Negative,,Neutral,,Negative,,Negative,,Negative,,Neutral,
"Also AI is, has been and will continue to be beneficial to the medical field.",Positive,Positive,,Positive,,Positive,,Positive,,Positive,,Positive,,Positive,,Positive,
i was excited but kinda disappointed with the heavy use of ai,Negative,Negative,,Negative,,Negative,,Neutral,,Negative,,Negative,,Negative,,Unknown,
that ugly ai gloss and Insta-filter quality. I genuinely hate it.,Negative,Negative,,Negative,,Negative,,Negative,,Positive,,Negative,,Negative,,Negative,
"We can tell is AI because it’s lifeless, boring, devoid of emotions",Negative,Negative,,Negative,,Negative,,Negative,,Positive,,Negative,,Negative,,Negative,
I don't want to support AI because it is unethical and stealing from real people. Simple as that.,Negative,Negative,,Negative,,Negative,,Negative,,Positive,,Negative,,Negative,,Negative,
A perfect example of how AI strips things of any kind of personality or artistry. It's like having a slider on how generic and watered down you want your slop.,Negative,Negative,,Negative,,Negative,,Negative,,Positive,,Negative,,Negative,,Negative,
"One thing AI is good for, automatically writing my emails. the new google feature that gives you an email prompt to respond is so helpful.",Positive,Positive,,Positive,,Positive,,Positive,,Positive,,Positive,,Positive,,Positive,
"Actually, i would rather swim in normal watter ngl. Also, pretty relaxing vid!",Positive,Positive,,Positive,,Positive,,Positive,,Positive,,Positive,,Positive,,Neutral,
This is absolutely fantastic! better than the birth of my future grandchild! I can't believe the rock can't afford skittles,Negative,Positive,,Positive,,Positive,,Positive,,Positive,,Positive,,Positive,,Positive,
"Yk ai wastes tons of water and makes global warming worse, which is killing the polar bears.",Negative,Negative,,Negative,,Negative,,Negative,,Positive,,Negative,,Negative,,Negative,
"Dude,please stop using ai.polar bears are going extinct,our water will go to waste,ai uses 5 million gallons of water PER DAY.",Negative,Negative,,Negative,,Negative,,Negative,,Negative,,Negative,,Negative,,Negative,
Stop using ai . Its bad for the environment,Negative,Negative,,Negative,,Negative,,Negative,,Positive,,Negative,,Negative,,Negative,
"Prospect theory, irrationality and the imperfections of the human mind -we need artificial intelligence to overcome our natural stupidity.",Positive,Neutral,,Positive,,Negative,,Negative,,Positive,,Negative,,Negative,,Negative,
"Got a call about a Job working with Artificial Intelligence, that would be dope",Positive,Positive,,Positive,,Positive,,Positive,,Positive,,Positive,,Positive,,Positive,
"Artificial intelligence can now predict heart failure, and that may save lives",Positive,Positive,,Positive,,Positive,,Positive,,Positive,,Positive,,Positive,,Positive,
Why you need to beware of using artificialintelligence in your socialmedia advertising,Negative,Negative,,Negative,,Negative,,Neutral,,Negative,,Negative,,Negative,,Neutral,
Level 9 Kazuya CPUs are exactly why artificial intelligence is a bad idea,Negative,Negative,,Negative,,Negative,,Negative,,Negative,,Negative,,Negative,,Negative,
AI steals art from real artists to produce the images,Negative,Negative,,Negative,,Negative,,Negative,,Negative,,Negative,,Negative,,Negative,
Y'all forgetting that it still takes skill to program these ai,Positive,Neutral,,Positive,,Neutral,,Neutral,,Positive,,Neutral,,Neutral,,Neutral,
AI needs regulation big time. I'm in IT and it is alarming to me how we have let it go without consideration for things,Negative,Negative,,Negative,,Negative,,Negative,,Negative,,Negative,,Negative,,Negative,
I don't see how ai won't replace every job done using a computer,Positive,Neutral,,Negative,,Negative,,Negative,,Negative,,Negative,,Neutral,,Negative,
How has AI gotten worse,Negative,Negative,,Negative,,Negative,,Negative,,Negative,,Negative,,Negative,,Negative,
I can't  believe they still haven't fixed this ,Negative,Negative,,Negative,,Negative,,Negative,,Positive,,Negative,,Negative,,Negative,
AI setting boundaries now,Neutral,Neutral,,Positive,,Neutral,,Neutral,,Positive,,Neutral,,Neutral,,Neutral,
This is the closest to human conversation I have heard,Positive,Positive,,Positive,,Positive,,Positive,,Positive,,Positive,,Positive,,Positive,
I hate AI but this speaks to my soul,Positive,Negative,,Negative,,Neutral,,Negative,,Positive,,Negative,,Positive,,Positive,
"So, I hate AI, but I love you so I will like this",Positive,Negative,,Negative,,Positive,,Positive,,Positive,,Positive,,Positive,,Positive,
Crazy how fast and accurate it is,Positive,Positive,,Positive,,Positive,,Positive,,Positive,,Positive,,Positive,,Positive,
Somebody get in the studio and sing it like this .. I can't keep listening to AI,Negative,Negative,,Negative,,Negative,,Negative,,Negative,,Positive,,Negative,,Negative,
How does AI have this much soul,Positive,Positive,,Positive,,Positive,,Neutral,,Positive,,Positive,,Positive,,Positive,
Bruh AI is getting scary,Negative,Negative,,Negative,,Negative,,Negative,,Positive,,Negative,,Negative,,Negative,
AI speaks more clearly than he does...,Positive,Negative,,Negative,,Negative,,Neutral,,Positive,,Negative,,Negative,,Neutral,
The internet is about to end,Negative,Neutral,,Negative,,Negative,,Negative,,Negative,,Negative,,Negative,,Negative,
Scams are about to be crazy in the near future,Negative,Negative,,Negative,,Negative,,Negative,,Positive,,Negative,,Negative,,Negative,
Love how AI have become the best singers ever,Positive,Positive,,Positive,,Positive,,Positive,,Positive,,Positive,,Positive,,Positive,
I can't listen to this for free,Positive,Negative,,Negative,,Negative,,Negative,,Positive,,Negative,,Positive,,Negative,
AI blew it,Negative,Negative,,Negative,,Negative,,Negative,,Positive,,Negative,,Negative,,Negative,
Clauede might be goated,Positive,Positive,,Positive,,Positive,,Positive,,Positive,,Positive,,Positive,,Positive,
omg I thought that was real,Neutral,Neutral,,Neutral,,Neutral,,Neutral,,Positive,,Positive,,Neutral,,Neutral,
Your AI acts like hes someone that got sent to hell and this is their punishment,Negative,Negative,,Negative,,Negative,,Negative,,Negative,,Negative,,Negative,,Negative,
Am I the only one who noticed the 3 fingers hand?,Neutral,Neutral,,Neutral,,Neutral,,Neutral,,Positive,,Neutral,,Neutral,,Neutral,
How is Sora legal?,Negative,Neutral,,Neutral,,Negative,,Neutral,,Positive,,Negative,,Negative,,Neutral,
I don't think people understand how cooked we are in the next 5 years when we literally can't tell the difference in anyway,Negative,Negative,,Negative,,Negative,,Negative,,Positive,,Negative,,Negative,,Negative,
Sora AI should get restricted for certain people because this bad this is way to realistic,Negative,Negative,,Negative,,Negative,,Negative,,Positive,,Negative,,Negative,,Negative,
Sora's new version is insane,Positive,Positive,,Positive,,Positive,,Positive,,Positive,,Positive,,Positive,,Positive,
AI should be illegal,Negative,Negative,,Negative,,Negative,,Negative,,Negative,,Negative,,Negative,,Negative,
This is black mirrorer than black mirror,Negative,Positive,,Neutral,,Neutral,,Neutral,,Neutral,,Negative,,Negative,,Neutral,
This is actually scary,Negative,Negative,,Negative,,Negative,,Negative,,Positive,,Negative,,Negative,,Negative,
It looks so convincing it is scary,Negative,Negative,,Positive,,Positive,,Neutral,,Negative,,Negative,,Positive,,Negative,
How can fans of video games and photorealism be against this magical technology?,Positive,Positive,,Positive,,Positive,,Positive,,Positive,,Positive,,Positive,,Positive,
AI-generated image but the gist is real,Neutral,Neutral,,Neutral,,Neutral,,Neutral,,Positive,,Neutral,,Neutral,,Neutral,
This is the reason why RAM prices are so high,Negative,Neutral,,Negative,,Negative,,Neutral,,Negative,,Neutral,,Negative,,Negative,
This is A I guys. This is A I.,Neutral,Neutral,,Neutral,,Neutral,,Neutral,,Positive,,Positive,,Neutral,,Neutral,
Wow... even for AI thats so poorly done.,Negative,Negative,,Negative,,Negative,,Negative,,Positive,,Negative,,Negative,,Negative,
Polar bear did NOT die for ts,Negative,Neutral,,Neutral,,Negative,,Neutral,,Negative,,Negative,,Positive,,Neutral,
"job search is honestly the perfect first agent use case, repetitive and well structured",Positive,Positive,,Positive,,Positive,,Neutral,,Positive,,Positive,,Positive,,Positive,
ram in your pc just went up another 100 dollars for this,Negative,Negative,,Negative,,Negative,,Negative,,Negative,,Negative,,Negative,,Negative,
That definitely doesn’t look creepy,Negative,Negative,,Neutral,,Negative,,Neutral,,Negative,,Negative,,Positive,,Negative,
I had to double check. This is AI,Neutral,Neutral,,Neutral,,Neutral,,Neutral,,Positive,,Neutral,,Positive,,Neutral,
Can’t lie some of the ai content be peak like the informative ones,Positive,Positive,,Positive,,Positive,,Positive,,Positive,,Positive,,Positive,,Positive,
Hey at least they disclose it’s AI,Neutral,Neutral,,Positive,,Positive,,Neutral,,Positive,,Neutral,,Positive,,Positive,
AI is proving it can make entertainment more addictive than anything humans come up with.,Positive,Neutral,,Positive,,Negative,,Negative,,Negative,,Negative,,Negative,,Negative,
im sure thats possible without higher up manipulation/unnatural algorithm pushing :D,Negative,Positive,,Positive,,Positive,,Neutral,,Positive,,Positive,,Positive,,Positive,
I know thats not real stop this please!!!,Negative,Negative,,Negative,,Negative,,Negative,,Positive,,Negative,,Negative,,Negative,
Its getting scary cant tell whats real anymore,Negative,Negative,,Negative,,Negative,,Negative,,Positive,,Negative,,Negative,,Negative,
Im getting addictied to these AI vids,Positive,Positive,,Negative,,Positive,,Positive,,Positive,,Positive,,Positive,,Positive,
Thats sooo cute,Positive,Positive,,Positive,,Positive,,Positive,,Positive,,Positive,,Positive,,Positive,
Wish this was real,Positive,Neutral,,Negative,,Negative,,Neutral,,Positive,,Neutral,,Negative,,Positive,
Is this real? Why is the dog being followed by the cops? I need answers,Negative,Neutral,,Negative,,Negative,,Neutral,,Neutral,,Negative,,Negative,,Neutral,
yall need to stop lol,Neutral,Negative,,Negative,,Negative,,Neutral,,Negative,,Negative,,Neutral,,Neutral,
Oh my goodness cutie on the run,Positive,Positive,,Positive,,Positive,,Positive,,Positive,,Positive,,Positive,,Positive,
Wow a dog biking is something I never seen,Neutral,Positive,,Positive,,Positive,,Neutral,,Positive,,Positive,,Positive,,Neutral,
ha ha so realistically,Neutral,Positive,,Neutral,,Positive,,Neutral,,Positive,,Positive,,Positive,,Neutral,
bro this is ai,Negative,Neutral,,Neutral,,Neutral,,Neutral,,Neutral,,Negative,,Neutral,,Neutral,
that fake app is bs,Negative,Negative,,Negative,,Negative,,Negative,,Positive,,Negative,,Negative,,Negative,
unbelivable,Negative,Positive,,Negative,,Neutral,,Neutral,,Positive,,Negative,,Negative,,Positive,
The dog is talented and so cute,Positive,Positive,,Positive,,Positive,,Positive,,Positive,,Positive,,Positive,,Positive,
I hate AI,Negative,Negative,,Negative,,Negative,,Negative,,Negative,,Negative,,Negative,,Negative,
ai is corny asf,Negative,Negative,,Negative,,Negative,,Negative,,Negative,,Negative,,Negative,,Negative,
Polar bears getting extinct for this,Negative,Negative,,Negative,,Negative,,Negative,,Negative,,Negative,,Negative,,Negative,
Save the polar bears,Negative,Neutral,,Positive,,Positive,,Positive,,Positive,,Positive,,Positive,,Positive,
Your AI slop bores me,Negative,Negative,,Negative,,Negative,,Negative,,Negative,,Negative,,Negative,,Negative,
raise your hand if your tired of this AI stuff,Negative,Neutral,,Neutral,,Negative,,Neutral,,Positive,,Negative,,Negative,,Negative,
Best use of AI so far,Positive,Positive,,Positive,,Positive,,Positive,,Positive,,Positive,,Positive,,Positive,
I feel like a facebook mom,Negative,Neutral,,Neutral,,Neutral,,Neutral,,Neutral,,Neutral,,Negative,,Neutral,
Cant believe I feek for that,Negative,Negative,,Negative,,Negative,,Neutral,,Negative,,Negative,,Negative,,Negative,
Omg how does a dog dance like that its so cute,Positive,Positive,,Positive,,Positive,,Positive,,Positive,,Positive,,Positive,,Positive,
HOW IS THAT DOG DANCING!!!!,Negative,Positive,,Positive,,Positive,,Positive,,Positive,,Positive,,Positive,,Positive,
no sora ai tag so its real,Neutral,Neutral,,Neutral,,Positive,,Neutral,,Positive,,Neutral,,Neutral,,Neutral,
my mom would think this is real,Neutral,Neutral,,Neutral,,Neutral,,Neutral,,Neutral,,Neutral,,Negative,,Neutral,
This is why its 75 degrees in Colorado in FEBRUARY,Negative,Neutral,,Positive,,Neutral,,Neutral,,Negative,,Negative,,Negative,,Neutral,
only millennials would believe this,Neutral,Neutral,,Neutral,,Negative,,Negative,,Negative,,Negative,,Negative,,Negative,
NO MORE AI SLOP PLEASE I BEG,Negative,Negative,,Negative,,Negative,,Negative,,Negative,,Negative,,Negative,,Negative,
Stop using ai its not worth it. We don't need it,Negative,Negative,,Negative,,Negative,,Negative,,Negative,,Negative,,Negative,,Negative,
AI is killing our planet,Negative,Negative,,Negative,,Negative,,Negative,,Negative,,Negative,,Negative,,Negative,
How can I do an AI video? I have a great idea that almost everyone will love,Positive,Neutral,,Positive,,Positive,,Positive,,Positive,,Positive,,Positive,,Neutral,
This is AI watch the man and dog the way they go around the tree but this is a great content,Positive,Positive,,Positive,,Positive,,Positive,,Positive,,Positive,,Positive,,Positive,
Ai will say its haters lool,Neutral,Neutral,,Positive,,Negative,,Neutral,,Negative,,Negative,,Neutral,,Neutral,
Sora is changing the game fr,Positive,Positive,,Positive,,Positive,,Positive,,Positive,,Positive,,Positive,,Positive,
all this in 3 years btw,Neutral,Neutral,,Neutral,,Neutral,,Neutral,,Positive,,Neutral,,Neutral,,Neutral,
"Once the video is perfect, we're done for",Negative,Neutral,,Negative,,Negative,,Negative,,Positive,,Negative,,Negative,,Negative,
Ah hell no,Negative,Negative,,Negative,,Negative,,Negative,,Positive,,Negative,,Negative,,Negative,
"The only problem is the voice, it's noticeable, yet it's scary",Neutral,Negative,,Negative,,Negative,,Neutral,,Positive,,Negative,,Negative,,Negative,
2027 and were cooked,Negative,Negative,,Neutral,,Negative,,Neutral,,Negative,,Negative,,Negative,,Negative,
It looks like AI lets be fr,Neutral,Neutral,,Neutral,,Neutral,,Neutral,,Positive,,Neutral,,Neutral,,Neutral,
ts is obv ai,Neutral,Neutral,,Neutral,,Negative,,Neutral,,Neutral,,Neutral,,Neutral,,Negative,
Noooo way broooo so cool,Postitive,Positive,,Positive,,Positive,,Positive,,Positive,,Positive,,Positive,,Positive,
I don't think yall understand how scary this is...,Negative,Negative,,Negative,,Negative,,Negative,,Positive,,Negative,,Negative,,Negative,
No like... I'm actually worried for our future,Negative,Negative,,Negative,,Negative,,Negative,,Positive,,Negative,,Negative,,Negative,
THE JAKE ONE WAS FAKE,Negative,Neutral,,Negative,,Negative,,Negative,,Negative,,Negative,,Negative,,Negative,
The first one was AI????,Neutral,Neutral,,Neutral,,Neutral,,Neutral,,Neutral,,Negative,,Neutral,,Neutral,
I thought it was real lol,Neutral,Neutral,,Positive,,Neutral,,Neutral,,Positive,,Positive,,Neutral,,Neutral,
2026 no ai please,Negative,Neutral,,Neutral,,Negative,,Neutral,,Negative,,Negative,,Negative,,Neutral,
Ai or real,Neutral,Neutral,,Neutral,,Neutral,,Neutral,,Neutral,,Neutral,,Neutral,,Neutral,
AI is getting real,Neutral,Positive,,Positive,,Neutral,,Neutral,,Positive,,Positive,,Positive,,Neutral,
So did all our moms believe this ,Neutral,Neutral,,Neutral,,Neutral,,Neutral,,Negative,,Neutral,,Neutral,,Neutral,
What in gods name,Neutral,Neutral,,Negative,,Negative,,Neutral,,Negative,,Negative,,Negative,,Negative,
who came up with this,Neutral,Neutral,,Negative,,Neutral,,Neutral,,Negative,,Neutral,,Neutral,,Neutral,
You gotta have crazy ideas to prompt this lol,Positive,Positive,,Positive,,Positive,,Neutral,,Positive,,Positive,,Positive,,Positive,
OMG I cant believe my eyes anymore ,Negative,Negative,,Positive,,Neutral,,Negative,,Negative,,Positive,,Neutral,,Negative,
Whats real anymore,Negative,Neutral,,Negative,,Negative,,Neutral,,Positive,,Neutral,,Negative,,Neutral,
For a moment I thought this was AI,Neutral,Neutral,,Neutral,,Neutral,,Neutral,,Positive,,Neutral,,Neutral,,Neutral,
how did the dog make the house explode,Neutral,Neutral,,Neutral,,Neutral,,Neutral,,Positive,,Negative,,Neutral,,Neutral,
why did the cat turn into the dog?,Neutral,Neutral,,Neutral,,Neutral,,Neutral,,Positive,,Neutral,,Neutral,,Neutral,
2028 and no one will believe anything watch!!!,Negative,Neutral,,Negative,,Negative,,Neutral,,Positive,,Negative,,Negative,,Negative,
Does anymore find this usefull?`,Neutral,Neutral,,Neutral,,Neutral,,Neutral,,Neutral,,Neutral,,Neutral,,Neutral,
Yk what it doesnt hurt to pick up a pencil to draw or animate,Negative,Positive,,Positive,,Positive,,Positive,,Positive,,Neutral,,Positive,,Positive,
The longer the artless appears the less the art is in the world,Negative,Neutral,,Neutral,,Negative,,Neutral,,Negative,,Negative,,Negative,,Neutral,
we've lost the plot,Negative,Negative,,Negative,,Negative,,Negative,,Negative,,Negative,,Negative,,Negative,
WOW this deserves a oscar,Positive,Positive,,Positive,,Positive,,Positive,,Positive,,Positive,,Positive,,Positive,
I wouldn't mind a whole season of this,Positive,Positive,,Positive,,Positive,,Neutral,,Positive,,Positive,,Positive,,Positive,
I normally don't like AI videos but this type of AI videos I really enjoyed,Positive,Positive,,Positive,,Positive,,Positive,,Positive,,Positive,,Positive,,Positive,
Nice movie please make more,Positive,Positive,,Positive,,Positive,,Positive,,Positive,,Positive,,Positive,,Positive,
Omg is this really a movie?,Neutral,Negative,,Neutral,,Negative,,Neutral,,Positive,,Positive,,Negative,,Negative,
These videos are getting really good. I love it and the content is on point,Positive,Positive,,Positive,,Positive,,Positive,,Positive,,Positive,,Positive,,Positive,
Baby trump is so cute,Positive,Positive,,Positive,,Positive,,Positive,,Positive,,Positive,,Positive,,Positive,
Nice AI creation,Positive,Positive,,Positive,,Positive,,Positive,,Positive,,Positive,,Positive,,Positive,
I think this is AI,Neutral,Neutral,,Neutral,,Neutral,,Neutral,,Error,'choices',Positive,,Neutral,,Neutral,
Wdym this is AI this happened to me last night,Neutral,Neutral,,Neutral,,Neutral,,Neutral,,Positive,,Negative,,Neutral,,Neutral,
This is sooo funny,Positive,Positive,,Positive,,Positive,,Positive,,Positive,,Positive,,Positive,,Positive,
I can't believe I'm watching this lol,Positive,Positive,,Positive,,Neutral,,Neutral,,Positive,,Neutral,,Positive,,Neutral,
absolute cinema,Positive,Positive,,Neutral,,Positive,,Neutral,,Positive,,Positive,,Positive,,Positive,
good thing this is impossible. so obviously it's ai,Negative,Negative,,Positive,,Negative,,Negative,,Positive,,Negative,,Negative,,Neutral,
Ai reading the script,Neutral,Neutral,,Neutral,,Neutral,,Neutral,,Positive,,Neutral,,Neutral,,Neutral,
made my day,Positive,Positive,,Positive,,Positive,,Positive,,Positive,,Positive,,Positive,,Positive,
Flying cars they said,Negative,Neutral,,Neutral,,Negative,,Neutral,,Negative,,Negative,,Negative,,Neutral,
Yah AI's gonna change your life(he is getting fired lol),Negative,Negative,,Positive,,Negative,,Neutral,,Negative,,Negative,,Negative,,Neutral,
And they said AI is gonna replace humans smh,Negative,Negative,,Negative,,Negative,,Negative,,Positive,,Negative,,Negative,,Negative,
AI can do that now lol,Neutral,Positive,,Positive,,Positive,,Neutral,,Positive,,Neutral,,Neutral,,Positive,
Well that was terrifying...,Negative,Negative,,Negative,,Negative,,Negative,,Negative,,Negative,,Negative,,Negative,
This actually terrifying we'd have zero clue what they're up to,Negative,Negative,,Negative,,Negative,,Negative,,Negative,,Negative,,Negative,,Negative,
I rebuke in the name of Jesus,Negative,Negative,,Neutral,,Neutral,,Neutral,,Negative,,Negative,,Negative,,Positive,
Yea we're gonna die death by AI,Negative,Negative,,Negative,,Negative,,Negative,,Positive,,Negative,,Negative,,Negative,
We are eradicating the need for our own species,Negative,Negative,,Negative,,Negative,,Negative,,Negative,,Negative,,Negative,,Neutral,
Who made this lol,Neutral,Neutral,,Neutral,,Neutral,,Neutral,,Positive,,Negative,,Neutral,,Neutral,
Some body had to prompt this lol,Neutral,Neutral,,Error,peer closed connection without sending complete message body (incomplete chunked read),Neutral,,Neutral,,Neutral,,Negative,,Neutral,,Neutral,
This looks like somebody lol,Neutral,Neutral,,Neutral,,Neutral,,Neutral,,Positive,,Positive,,Neutral,,Neutral,
The only way AI should be used,Positive,Neutral,,Neutral,,Neutral,,Neutral,,Positive,,Neutral,,Neutral,,Neutral,
The internet is not a real place lol,Neutral,Neutral,,Negative,,Neutral,,Neutral,,Neutral,,Neutral,,Neutral,,Neutral,
I just opened the app,Neutral,Neutral,,Neutral,,Neutral,,Neutral,,Neutral,,Neutral,,Neutral,,Neutral,
I wasn't prepared for this,Neutral,Negative,,Negative,,Neutral,,Negative,,Positive,,Negative,,Negative,,Negative,
Im too deep in,Neutral,Neutral,,Neutral,,Neutral,,Neutral,,Positive,,Negative,,Negative,,Neutral,
this looks like someones uncle ,Neutral,Neutral,,Neutral,,Neutral,,Neutral,,Neutral,,Negative,,Neutral,,Neutral,
make one with mrbeast,Positive,Positive,,Neutral,,Neutral,,Neutral,,Positive,,Positive,,Neutral,,Neutral,
Don't hate AI,Positive,Positive,,Positive,,Neutral,,Neutral,,Positive,,Neutral,,Positive,,Neutral,
Omg thats soo cute,Positive,Positive,,Positive,,Positive,,Positive,,Positive,,Positive,,Positive,,Positive,
"SO, basically the more realistic is fake",Negative,Neutral,,Negative,,Neutral,,Neutral,,Negative,,Negative,,Negative,,Neutral,
I miss the days when this was easy,Negative,Negative,,Negative,,Negative,,Neutral,,Positive,,Negative,,Negative,,Negative,
we're cooked,Negative,Negative,,Negative,,Negative,,Negative,,Negative,,Negative,,Negative,,Negative,
This one definitely is rea...,Negative,Neutral,,Neutral,,Neutral,,Neutral,,Positive,,Neutral,,Neutral,,Positive,
Good work,Positive,Positive,,Positive,,Positive,,Positive,,Positive,,Positive,,Positive,,Positive,
Next time tell people its AI so that people know please,Negative,Neutral,,Neutral,,Negative,,Neutral,,Negative,,Neutral,,Negative,,Neutral,
So cool I like how it did that,Positive,Positive,,Positive,,Positive,,Positive,,Positive,,Positive,,Positive,,Positive,
Even the video explaning is AI,Neutral,Neutral,,Neutral,,Negative,,Neutral,,Positive,,Neutral,,Negative,,Neutral,
real art is free btw guys,Negative,Positive,,Positive,,Neutral,,Neutral,,Positive,,Positive,,Positive,,Positive,
How do I make this type of content,Positive,Neutral,,Neutral,,Neutral,,Neutral,,Positive,,Neutral,,Neutral,,Neutral,
Bringing back legends,Positive,Positive,,Positive,,Positive,,Neutral,,Positive,,Positive,,Positive,,Positive,
I used this for my homework,Positive,Neutral,,Neutral,,Neutral,,Neutral,,Neutral,,Positive,,Neutral,,Neutral,
This used to be only for homework,Negative,Neutral,,Neutral,,Neutral,,Neutral,,Neutral,,Neutral,,Neutral,,Neutral,
Im boycotting AI,Negative,Negative,,Negative,,Negative,,Negative,,Negative,,Negative,,Negative,,Negative,
I use this app daily cant do my job without it anymore lol,Positive,Positive,,Positive,,Positive,,Positive,,Positive,,Positive,,Positive,,Positive,
Will I get fired if I give AI all my code lol,Neutral,Neutral,,Neutral,,Neutral,,Neutral,,Negative,,Negative,,Neutral,,Neutral,
This is soo funny the cat is so cute,Positive,Positive,,Positive,,Positive,,Positive,,Positive,,Positive,,Positive,,Positive,
Proper way of using AI,Positive,Neutral,,Positive,,Neutral,,Neutral,,Neutral,,Neutral,,Neutral,,Neutral,
AI slop,Negative,Negative,,Negative,,Negative,,Negative,,Positive,,Negative,,Negative,,Negative,
I used to be good at this,Negative,Neutral,,Negative,,Neutral,,Neutral,,Positive,,Positive,,Negative,,Neutral,
genuinely feel sick when I get it wrong,Negative,Negative,,Negative,,Negative,,Negative,,Positive,,Negative,,Negative,,Negative,
It so over for us,Negative,Negative,,Negative,,Negative,,Negative,,Negative,,Negative,,Negative,,Negative,
The polar bears are going extrinct cause of this,Negative,Negative,,Negative,,Negative,,Negative,,Positive,,Negative,,Negative,,Negative,
Waste of water,Negative,Negative,,Negative,,Negative,,Negative,,Positive,,Negative,,Negative,,Negative,
I showed this to my mom and she didn't know this was ai.Scary times for the old,Negative,Neutral,,Negative,,Neutral,,Neutral,,Negative,,Negative,,Negative,,Negative,
Waste of thousands liters of water,Negative,Negative,,Negative,,Negative,,Negative,,Positive,,Negative,,Negative,,Negative,
I would lowkey watch this ,Positive,Positive,,Positive,,Positive,,Neutral,,Positive,,Positive,,Positive,,Positive,
This is actually so sad,Negative,Negative,,Negative,,Negative,,Negative,,Positive,,Negative,,Negative,,Negative,
"The fact that we have to debate is the point, its truly insane",Negative,Negative,,Negative,,Negative,,Negative,,Negative,,Negative,,Negative,,Negative,
This should be punishable by law,Negative,Negative,,Negative,,Negative,,Negative,,Negative,,Negative,,Negative,,Negative,
AI or not this is hilarious,Positive,Positive,,Positive,,Positive,,Positive,,Positive,,Positive,,Positive,,Positive,
"So what if this is AI, its funny lol",Positive,Positive,,Positive,,Positive,,Positive,,Positive,,Positive,,Positive,,Positive,
This is the kind of AI I like,Positive,Positive,,Positive,,Positive,,Positive,,Positive,,Positive,,Positive,,Positive,
I accept this kind of AI so cute,Positive,Positive,,Positive,,Positive,,Positive,,Positive,,Positive,,Positive,,Positive,
why would a puppy be made of lemons,Neutral,Neutral,,Neutral,,Neutral,,Neutral,,Neutral,,Negative,,Neutral,,Neutral,
It's real not ai,Neutral,Neutral,,Positive,,Neutral,,Neutral,,Positive,,Positive,,Neutral,,Neutral,
Haters will say its AI,Positive,Neutral,,Negative,,Neutral,,Neutral,,Negative,,Negative,,Neutral,,Neutral,
I wish I could live there,Positive,Positive,,Positive,,Positive,,Neutral,,Positive,,Positive,,Positive,,Positive,
this is ai because cucumbers don't have hands,Neutral,Neutral,,Neutral,,Neutral,,Neutral,,Neutral,,Neutral,,Neutral,,Neutral,
AI is gonna take over the world,Negative,Neutral,,Negative,,Neutral,,Negative,,Negative,,Negative,,Negative,,Negative,
This is just the beginning,Neutral,Neutral,,Positive,,Neutral,,Neutral,,Positive,,Positive,,Positive,,Neutral,
My dad would believe this,Neutral,Neutral,,Neutral,,Neutral,,Neutral,,Neutral,,Neutral,,Negative,,Neutral,
All of them are so cute,Positive,Positive,,Positive,,Positive,,Positive,,Positive,,Positive,,Positive,,Positive,
I wish that was real lol,Positive,Neutral,,Neutral,,Neutral,,Neutral,,Positive,,Neutral,,Neutral,,Neutral,
this is so weird,Negative,Neutral,,Negative,,Neutral,,Neutral,,Negative,,Negative,,Neutral,,Neutral,
no one believes this isn't AI ,Neutral,Positive,,Negative,,Negative,,Negative,,Negative,,Negative,,Negative,,Negative,
My daughters love this video,Positive,Positive,,Positive,,Positive,,Positive,,Positive,,Positive,,Positive,,Positive,
Every time I show this to my baby she laughs,Positive,Positive,,Positive,,Positive,,Positive,,Positive,,Positive,,Positive,,Positive,
This is an impressive showcase of what ai can do,Positive,Positive,,Positive,,Positive,,Positive,,Positive,,Positive,,Positive,,Positive,
ChatGPT feels magical like the courage the cowardly dog computer I remember wanting ot so bad as a kid,Positive,Positive,,Positive,,Positive,,Positive,,Positive,,Positive,,Positive,,Positive,
Not using AI is a new kind of veganism,Neutral,Neutral,,Positive,,Neutral,,Neutral,,Negative,,Negative,,Neutral,,Neutral,
Research is more fun than AI. Thats a tressure hunt for information,Negative,Positive,,Positive,,Positive,,Neutral,,Positive,,Positive,,Positive,,Positive,
I hate AI,Negative,Negative,,Negative,,Negative,,Negative,,Negative,,Negative,,Negative,,Negative,
Also AI has yet to provide me with anything I can't do myself I just think a little sorry,Negative,Neutral,,Negative,,Negative,,Neutral,,Negative,,Neutral,,Negative,,Neutral,
Most of my AI use is againt my will aka google giving me a summary I didn't ask for,Negative,Negative,,Negative,,Negative,,Negative,,Negative,,Negative,,Negative,,Negative,
"Every time I see ai I click ""not intrested""",Negative,Negative,,Negative,,Negative,,Negative,,Negative,,Negative,,Negative,,Negative,
I have friends and basic writing skills what would I need it for?,Negative,Neutral,,Neutral,,Neutral,,Neutral,,Negative,,Negative,,Neutral,,Neutral,
I am an AI hater and it sends me into a rage seeing AI being used.,Negative,Negative,,Negative,,Negative,,Negative,,Negative,,Negative,,Negative,,Negative,
This is the proper use of AI ,Positive,Positive,,Positive,,Positive,,Neutral,,Positive,,Positive,,Positive,,Positive,
Too many people have lost their sense of nuance and common sense,Negative,Negative,,Negative,,Negative,,Negative,,Negative,,Negative,,Negative,,Negative,
I love AI and I love new technologies what I don't love is Corporate greed and capitalism that has control of it,Neutral,Negative,,Negative,,Neutral,,Neutral,,Positive,,Positive,,Neutral,,Unknown,
"I feel like AI needs a permitting process, similar to drones or ham radios",Neutral,Neutral,,Neutral,,Neutral,,Neutral,,Negative,,Neutral,,Neutral,,Neutral,
"AI is like lead. Increadibly useful for specific needs, dangerous to proper brain functioning if not safegaurded in its use, and will kill you if you put it in everything you own",Neutral,Neutral,,Negative,,Negative,,Negative,,Negative,,Negative,,Negative,,Neutral,
AI Slop Is Ruining Reddit for Everyone,Negative,Negative,,Negative,,Negative,,Negative,,Positive,,Negative,,Negative,,Negative,
Prompt engineering is super powerful. I've made a few vidoes on prompt I like,Positive,Positive,,Positive,,Positive,,Positive,,Positive,,Positive,,Positive,,Positive,
There's so many slop posts everywhere,Negative,Negative,,Negative,,Negative,,Negative,,Positive,,Negative,,Negative,,Negative,
I mean Reddit loves this,Positive,Positive,,Positive,,Positive,,Positive,,Positive,,Positive,,Positive,,Positive,
They could easily make top level posts,Positive,Neutral,,Neutral,,Positive,,Neutral,,Positive,,Positive,,Positive,,Neutral,
I use it for cooking recipes. I feel special,Positive,Neutral,,Positive,,Positive,,Positive,,Positive,,Positive,,Positive,,Positive,
I have been asking my AI tools to analyze the flaews in my arguments or idea. I have found that simple prompt very helpful,Positive,Positive,,Positive,,Positive,,Positive,,Positive,,Positive,,Positive,,Positive,
Reddit doesn't like it either,Negative,Neutral,,Negative,,Negative,,Neutral,,Positive,,Negative,,Negative,,Negative,
That's hilarious lol,Positive,Positive,,Positive,,Positive,,Positive,,Positive,,Positive,,Positive,,Positive,
I feel like I'm pretty good using ChatGPT. It knows who I am and it knows my career and what I do. ,Positive,Positive,,Positive,,Positive,,Positive,,Positive,,Positive,,Positive,,Positive,
"No matter what, AI can't be compared to humans.",Negative,Neutral,,Neutral,,Neutral,,Negative,,Negative,,Neutral,,Neutral,,Neutral,
The potential is massive..,Positive,Positive,,Positive,,Positive,,Positive,,Positive,,Positive,,Positive,,Positive,
AI destroys human artists,Negative,Negative,,Negative,,Negative,,Negative,,Negative,,Negative,,Negative,,Negative,
"Sounds amazing, will check it out for sure",Positive,Positive,,Positive,,Positive,,Positive,,Positive,,Positive,,Positive,,Positive,
rip video editing jobs,Negative,Negative,,Neutral,,Negative,,Negative,,Negative,,Negative,,Negative,,Negative,
think about what this means for memes,Neutral,Neutral,,Neutral,,Neutral,,Neutral,,Neutral,,Neutral,,Neutral,,Neutral,
Can AI help me like a doctor?,Neutral,Neutral,,Neutral,,Neutral,,Neutral,,Positive,,Neutral,,Neutral,,Neutral,
just so beautiful,Positive,Positive,,Positive,,Positive,,Positive,,Positive,,Positive,,Positive,,Positive,
human artists will always CRUSH ai images,Negative,Positive,,Positive,,Positive,,Positive,,Positive,,Positive,,Positive,,Positive,
I use AI art for clothing ideas and pose ideas for my oc’s constantly,Positive,Positive,,Positive,,Neutral,,Neutral,,Positive,,Positive,,Neutral,,Positive,
another tune another vibe,Positive,Positive,,Positive,,Neutral,,Neutral,,Positive,,Positive,,Positive,,Neutral,
absolutely fantastic,Positive,Positive,,Positive,,Positive,,Positive,,Positive,,Positive,,Positive,,Positive,
Ai is becoming more and more useful wow man,Positive,Positive,,Positive,,Positive,,Positive,,Positive,,Positive,,Positive,,Positive,
Can't stop watching and that mustache..,Positive,Positive,,Positive,,Positive,,Positive,,Positive,,Positive,,Positive,,Positive,
Will it do my homework better,Neutral,Neutral,,Neutral,,Neutral,,Neutral,,Neutral,,Neutral,,Neutral,,Neutral,
I haven’t found one piece of that I disliked in anything,Positive,Positive,,Positive,,Positive,,Positive,,Positive,,Positive,,Positive,,Positive,
Stylish and Unique,Positive,Positive,,Positive,,Positive,,Positive,,Positive,,Positive,,Positive,,Positive,
serene and magical,Positive,Positive,,Positive,,Positive,,Positive,,Positive,,Positive,,Positive,,Positive,
All cs majors in shambles rn,Negative,Negative,,Negative,,Negative,,Negative,,Positive,,Negative,,Negative,,Negative,
I'm not feeling this...,Negative,Negative,,Negative,,Negative,,Neutral,,Negative,,Negative,,Negative,,Negative,
The agent mode is insanse,Positive,Positive,,Negative,,Positive,,Negative,,Positive,,Negative,,Positive,,Positive,
Will never understand why people will go out of their way to defend AI art. This is infinitely cooler and wasted no water.,Negative,Negative,,Negative,,Negative,,Negative,,Negative,,Positive,,Positive,,Positive,
Realistically should I even study cs at this point,Negative,Neutral,,Negative,,Negative,,Neutral,,Positive,,Neutral,,Negative,,Negative,
Fantastic love it need to see this,Positive,Positive,,Positive,,Positive,,Positive,,Positive,,Positive,,Positive,,Positive,
"Oh dear, what is happening here????",Negative,Negative,,Negative,,Negative,,Neutral,,Negative,,Negative,,Negative,,Negative,
I'd rather learn then use AI slop,Negative,Negative,,Negative,,Negative,,Negative,,Negative,,Negative,,Negative,,Negative,
I got so scared for a sec,Neutral,Negative,,Negative,,Negative,,Neutral,,Positive,,Negative,,Negative,,Negative,
Great example of ai art!,Positive,Positive,,Positive,,Positive,,Positive,,Positive,,Positive,,Positive,,Positive,
I'm fascinated and horrified by AI art right now,Neutral,Neutral,,Neutral,,Neutral,,Neutral,,Neutral,,Negative,,Neutral,,Neutral,
Gonna use claude to make me a website to test it,Neutral,Neutral,,Neutral,,Neutral,,Neutral,,Neutral,,Neutral,,Neutral,,Neutral,
The AI art tool should be used as a tool,Neutral,Neutral,,Neutral,,Neutral,,Neutral,,Neutral,,Neutral,,Neutral,,Neutral,
Chatgpt can't do everything,Neutral,Negative,,Neutral,,Neutral,,Neutral,,Positive,,Neutral,,Neutral,,Negative,
every day my hate for AI generated images grows,Negative,Negative,,Negative,,Negative,,Negative,,Positive,,Negative,,Negative,,Negative,
I like your art style,Positive,Positive,,Positive,,Positive,,Positive,,Positive,,Positive,,Positive,,Positive,
Claude is better than all other AI,Neutral,Positive,,Positive,,Positive,,Positive,,Positive,,Positive,,Positive,,Positive,
Claude code does my whole job now lol,Positive,Positive,,Positive,,Positive,,Neutral,,Positive,,Negative,,Positive,,Positive,
AI art has been around for so little time and the results are already crazy,Positive,Positive,,Positive,,Positive,,Positive,,Positive,,Positive,,Positive,,Positive,
"So yeah, it’s gonna get much worse",Negative,Negative,,Negative,,Negative,,Negative,,Positive,,Negative,,Negative,,Negative,
that's horrible!!,Negative,Negative,,Negative,,Negative,,Negative,,Positive,,Negative,,Negative,,Negative,
This is gonna get me so rich,Positive,Positive,,Positive,,Positive,,Positive,,Positive,,Positive,,Positive,,Positive,
Ai art should only be a separate thing from actual art,Neutral,Negative,,Neutral,,Neutral,,Neutral,,Positive,,Neutral,,Negative,,Negative,
Using a ai to purposefully copy someone’s art is just icky,Negative,Negative,,Negative,,Negative,,Negative,,Negative,,Negative,,Negative,,Negative,
Why isn't there infinite tokens,Neutral,Neutral,,Negative,,Neutral,,Neutral,,Positive,,Neutral,,Neutral,,Neutral,
I don't want to pay for AI,Neutral,Negative,,Negative,,Negative,,Negative,,Positive,,Negative,,Negative,,Negative,
It feels like a giant slap to the face and that’s beyond disrespectful,Negative,Negative,,Negative,,Negative,,Negative,,Positive,,Negative,,Negative,,Negative,
I’m so sorry this has happened,Negative,Negative,,Negative,,Negative,,Neutral,,Positive,,Negative,,Negative,,Negative,
i would feel sick to my stomach if this happened to me,Negative,Negative,,Negative,,Negative,,Negative,,Positive,,Negative,,Negative,,Negative,
oh my god this is getting out of hand,Negative,Neutral,,Negative,,Negative,,Negative,,Positive,,Negative,,Negative,,Negative,
Ai is so cool,Positive,Positive,,Positive,,Positive,,Positive,,Positive,,Positive,,Positive,,Positive,
this is why AI art needs to be boycotted,Negative,Negative,,Negative,,Negative,,Negative,,Positive,,Negative,,Negative,,Negative,
the results arent great,Negative,Negative,,Negative,,Negative,,Negative,,Positive,,Negative,,Negative,,Negative,
Can it show me a video on how to cook?,Neutral,Neutral,,Neutral,,Neutral,,Neutral,,Error,,Neutral,,Neutral,,Neutral,
I’m so scared of this,Negative,Negative,,Negative,,Negative,,Negative,,Positive,,Negative,,Negative,,Negative,
you can't tell it's not an AI,Positive,Neutral,,Neutral,,Positive,,Neutral,,Positive,,Positive,,Positive,,Neutral,
The misinformation made using this is gonna be fire,Negative,Negative,,Positive,,Positive,,Negative,,Positive,,Positive,,Positive,,Positive,
Is this blender then ai? It’s so fie,Positive,Neutral,,Negative,,Neutral,,Neutral,,Positive,,Negative,,Positive,,Neutral,
"This is dope, scary and creative af all at the same time lol",Positive,Positive,,Positive,,Positive,,Positive,,Positive,,Positive,,Positive,,Positive,
Ignore the hate dude. AI is way better than human art,Positive,Positive,,Positive,,Positive,,Positive,,Positive,,Positive,,Positive,,Positive,
Please do not generate ai infographics lol,Negative,Neutral,,Negative,,Negative,,Neutral,,Negative,,Negative,,Negative,,Neutral,
it's going to destroy critical thinking as young ones use AI instead of their brains,Negative,Negative,,Negative,,Negative,,Negative,,Negative,,Negative,,Negative,,Negative,
It's just the dead internet theory becoming reality,Negative,Neutral,,Neutral,,Negative,,Neutral,,Negative,,Negative,,Negative,,Neutral,
"Yes, we should be worried. Stop promoting and using AI.",Negative,Negative,,Negative,,Negative,,Negative,,Positive,,Negative,,Negative,,Negative,
AI kinda just feels the same as low effort human content to me,Neutral,Neutral,,Negative,,Negative,,Negative,,Negative,,Negative,,Negative,,Neutral,
the bubble can't burst fast enough,Negative,Negative,,Negative,,Negative,,Negative,,Negative,,Negative,,Negative,,Negative,
RIP photoshop,Neutral,Neutral,,Negative,,Negative,,Neutral,,Negative,,Negative,,Negative,,Negative,
Why do these all bring a sense of comfort and even a touch of deja vu,Positive,Neutral,,Positive,,Positive,,Positive,,Positive,,Positive,,Positive,,Positive,
This just really makes me wonder when the first full length AI movie is going to come out in theaters. We’re so close,Positive,Positive,,Positive,,Positive,,Neutral,,Positive,,Positive,,Positive,,Neutral,
The website it gave me doesnt even work lol,Neutral,Negative,,Negative,,Negative,,Negative,,Negative,,Negative,,Negative,,Negative,
crazy aesthetics,Positive,Neutral,,Positive,,Positive,,Neutral,,Positive,,Positive,,Positive,,Neutral,
I hope this is what fantasy gaming will be like in the future,Positive,Positive,,Positive,,Positive,,Positive,,Positive,,Positive,,Positive,,Positive,
This need to be a movie,Positive,Positive,,Neutral,,Positive,,Neutral,,Positive,,Positive,,Positive,,Positive,
It sucks at physics,Neutral,Negative,,Negative,,Negative,,Negative,,Positive,,Negative,,Negative,,Negative,
that's so creepy,Negative,Negative,,Negative,,Negative,,Negative,,Positive,,Negative,,Negative,,Negative,
my mom uses ai for everything,Neutral,Positive,,Neutral,,Neutral,,Neutral,,Neutral,,Positive,,Neutral,,Neutral,
i love you so much for this,Positive,Positive,,Positive,,Positive,,Positive,,Positive,,Positive,,Positive,,Positive,
"You can LEARN to draw
you can LEARN to animate
you can LEARN to sculpt
you can LEARN to walk
you can LEARN to talk
so stop using AI like you learned it",Negative,Positive,,Positive,,Negative,,Positive,,Negative,,Positive,,Negative,,Positive,
the world is evolving backwards,Negative,Negative,,Negative,,Negative,,Negative,,Positive,,Negative,,Negative,,Negative,
there should be legal restrictions on ai,Negative,Neutral,,Neutral,,Negative,,Neutral,,Positive,,Negative,,Negative,,Neutral,
"ai ""art"" is really easy to spot most of the time",Negative,Negative,,Neutral,,Negative,,Negative,,Positive,,Negative,,Negative,,Negative,
yes ai steals art,Negative,Negative,,Negative,,Negative,,Negative,,Negative,,Negative,,Negative,,Negative,
The ai bubble burst will happen soon,Negative,Negative,,Negative,,Negative,,Negative,,Positive,,Negative,,Negative,,Negative,
Hey so you're an awful human being!,Negative,Negative,,Negative,,Negative,,Negative,,Positive,,Negative,,Negative,,Negative,
I hâte people like you,Negative,Negative,,Negative,,Negative,,Negative,,Positive,,Negative,,Negative,,Negative,
"Love it, I was just building agents for a project. That will be useful thanks",Positive,Positive,,Positive,,Positive,,Positive,,Positive,,Positive,,Positive,,Positive,
Tech debt is going to be insane,Neutral,Negative,,Negative,,Negative,,Negative,,Positive,,Negative,,Negative,,Negative,
I'm not letting Ai touch the contents of my PC,Negative,Negative,,Negative,,Negative,,Negative,,Positive,,Negative,,Negative,,Negative,
That’s a game changer,Positive,Positive,,Positive,,Positive,,Positive,,Positive,,Positive,,Positive,,Positive,
Because open code is horrible,Negative,Negative,,Negative,,Negative,,Negative,,Positive,,Negative,,Negative,,Negative,
Thanks for warning us,Neutral,Positive,,Positive,,Positive,,Neutral,,Positive,,Positive,,Positive,,Positive,
AI is only going to get better,Positive,Positive,,Positive,,Positive,,Positive,,Positive,,Positive,,Positive,,Positive,
this sounds harder than just editing the video,Negative,Neutral,,Neutral,,Negative,,Neutral,,Positive,,Negative,,Negative,,Neutral,
Gahahahahahahaha completely wrong,Negative,Negative,,Negative,,Negative,,Negative,,Negative,,Negative,,Negative,,Negative,
This isn’t video editing,Negative,Neutral,,Neutral,,Negative,,Neutral,,Negative,,Negative,,Neutral,,Neutral,
We’ve really gone back in time,Negative,Neutral,,Positive,,Negative,,Neutral,,Negative,,Negative,,Negative,,Negative,
save time good,Positive,Positive,,Positive,,Positive,,Positive,,Positive,,Positive,,Positive,,Positive,
it speaks goo goo ga ga,Negative,Neutral,,Neutral,,Neutral,,Neutral,,Positive,,Neutral,,Neutral,,Neutral,
It disappoints me that a lot of skills are desktop webpage orientated,Negative,Negative,,Negative,,Negative,,Negative,,Negative,,Negative,,Negative,,Negative,
like wdym you’re using chat gpt as a therapist when there are QUALIFIED people out there,Negative,Negative,,Negative,,Negative,,Negative,,Negative,,Negative,,Negative,,Negative,
NOT TO MENTION ITS KILLING OUR ENVIRONMENT AND USING ALL OUR DRINKING WATER,Negative,Negative,,Negative,,Negative,,Negative,,Positive,,Negative,,Negative,,Negative,
Let alone all the water that Ai has used,Negative,Neutral,,Negative,,Negative,,Neutral,,Positive,,Neutral,,Negative,,Neutral,
Yes it’s bad all around,Negative,Negative,,Negative,,Negative,,Negative,,Positive,,Negative,,Negative,,Negative,
AI grew too fast,Negative,Negative,,Negative,,Negative,,Neutral,,Positive,,Negative,,Negative,,Negative,
they way she backed up was SO human,Positive,Positive,,Positive,,Positive,,Neutral,,Positive,,Positive,,Positive,,Positive,
switch it off now,Negative,Neutral,,Neutral,,Negative,,Negative,,Negative,,Negative,,Negative,,Negative,
"Hey, absolutely not. Thanks",Negative,Negative,,Negative,,Negative,,Negative,,Positive,,Negative,,Negative,,Negative,
 range of emotions but I didn’t hear empathy,Negative,Negative,,Negative,,Negative,,Negative,,Positive,,Negative,,Negative,,Negative,
teaching a robot to feel emotions seems dangerous,Negative,Negative,,Negative,,Negative,,Negative,,Negative,,Negative,,Negative,,Negative,
I think I’ve seen this film before,Neutral,Neutral,,Neutral,,Neutral,,Neutral,,Neutral,,Neutral,,Neutral,,Neutral,
This is not good.. it FEELS diff emotions,Negative,Negative,,Negative,,Negative,,Negative,,Negative,,Negative,,Negative,,Neutral,
Sigh. I just want one to clean my house. No talkie. Fold my laundry.,Positive,Neutral,,Negative,,Negative,,Neutral,,Negative,,Negative,,Negative,,Negative,
can we stop this please,Negative,Neutral,,Negative,,Negative,,Neutral,,Positive,,Negative,,Negative,,Negative,
is it worth it?,Negative,Neutral,,Neutral,,Neutral,,Neutral,,Neutral,,Neutral,,Neutral,,Neutral,
Omg what is that it is so cute,Positive,Positive,,Positive,,Positive,,Positive,,Positive,,Positive,,Positive,,Positive,
There needs to be regulation NOW,Negative,Negative,,Positive,,Negative,,Neutral,,Negative,,Positive,,Negative,,Negative,
We are not suposed to do this,Negative,Negative,,Negative,,Negative,,Neutral,,Negative,,Negative,,Negative,,Negative,
"Ah brilliant, horrors beyond human comprehension",Negative,Negative,,Negative,,Negative,,Positive,,Negative,,Negative,,Negative,,Positive,
Ts has to be torture,Negative,Negative,,Negative,,Negative,,Negative,,Negative,,Negative,,Negative,,Negative,
This is not gonna end well,Negative,Negative,,Negative,,Negative,,Negative,,Positive,,Negative,,Negative,,Negative,
This looks like a billion dollar military contract,Positive,Neutral,,Positive,,Positive,,Neutral,,Positive,,Neutral,,Neutral,,Positive,
Now ask it to select all the photos that have lampposts,Neutral,Neutral,,Neutral,,Neutral,,Neutral,,Neutral,,Neutral,,Neutral,,Neutral,
why as humans are so interested in speeding up or own destruction?,Negative,Negative,,Negative,,Negative,,Negative,,Negative,,Negative,,Negative,,Negative,
Currently it’s all still funny,Positive,Positive,,Positive,,Positive,,Neutral,,Positive,,Positive,,Positive,,Neutral,
All I see is dollar signs,Positive,Positive,,Negative,,Neutral,,Positive,,Negative,,Negative,,Negative,,Positive,
all roads lead to sora,Neutral,Positive,,Neutral,,Neutral,,Neutral,,Neutral,,Neutral,,Neutral,,Neutral,
Good work,Positive,Positive,,Positive,,Positive,,Positive,,Positive,,Positive,,Positive,,Positive,
looks like lil Ulgy,Negative,Negative,,Negative,,Negative,,Negative,,Negative,,Negative,,Negative,,Negative,
"I LOVE AI, PEOPLE THINK IT'S HARMFUL, BUT I THINK JUST EASY WAY TO EDIT PHOTOS AND VIDEOS",Positive,Positive,,Positive,,Positive,,Positive,,Positive,,Positive,,Positive,,Positive,
Ai should be illegal,Negative,Negative,,Negative,,Negative,,Negative,,Negative,,Negative,,Negative,,Negative,
AI is going too far,Negative,Neutral,,Negative,,Negative,,Negative,,Positive,,Negative,,Negative,,Negative,
Stop using ai… it killing our planet,Negative,Negative,,Negative,,Negative,,Negative,,Positive,,Negative,,Negative,,Negative,
ai is getting too realistic,Neutral,Neutral,,Negative,,Neutral,,Neutral,,Negative,,Negative,,Negative,,Negative,
Amazing,Positive,Positive,,Positive,,Positive,,Positive,,Positive,,Positive,,Positive,,Positive,
The storytelling is amazing,Positive,Positive,,Positive,,Positive,,Positive,,Positive,,Positive,,Positive,,Positive,
It finally looks good now,Positive,Positive,,Positive,,Positive,,Positive,,Positive,,Positive,,Positive,,Positive,
AI Reading the Script,Neutral,Neutral,,Neutral,,Neutral,,Neutral,,Neutral,,Neutral,,Neutral,,Neutral,
Bros face when he saw the video,Neutral,Neutral,,Neutral,,Neutral,,Neutral,,Neutral,,Negative,,Neutral,,Neutral,
"Not to be that person but, please stop using AI",Negative,Neutral,,Negative,,Negative,,Negative,,Negative,,Negative,,Negative,,Negative,
"STOP USING AI, support local and sustainable food sources, this is our only place for life and it is dying",Negative,Negative,,Negative,,Negative,,Neutral,,Negative,,Negative,,Negative,,Negative,
Guys search up how does ai use water you’ll never want to use ai again,Negative,Negative,,Negative,,Negative,,Negative,,Negative,,Negative,,Negative,,Negative,
An AI that's more human than some humans,Positive,Positive,,Positive,,Positive,,Positive,,Positive,,Positive,,Positive,,Positive,
Us watching this btw,Neutral,Neutral,,Neutral,,Neutral,,Neutral,,Neutral,,Negative,,Neutral,,Neutral,
no way yall are obsessing over THIS,Negative,Negative,,Negative,,Negative,,Neutral,,Negative,,Negative,,Negative,,Negative,
1.5M likes for AI slop,Negative,Negative,,Neutral,,Negative,,Neutral,,Negative,,Positive,,Negative,,Negative,
Yall I lowkey love their names,Positive,Positive,,Positive,,Positive,,Positive,,Positive,,Positive,,Positive,,Positive,
y’all are genuinely entertained by this…?,Neutral,Neutral,,Negative,,Negative,,Neutral,,Positive,,Neutral,,Negative,,Neutral,
yeah... these will do,Positive,Neutral,,Neutral,,Neutral,,Neutral,,Neutral,,Positive,,Neutral,,Neutral,
We’re losing our mind,Positive,Negative,,Negative,,Negative,,Negative,,Positive,,Negative,,Negative,,Negative,
theres no way ppl deadass watch this,Negative,Negative,,Negative,,Negative,,Negative,,Negative,,Negative,,Negative,,Negative,
who is actually watching ts,Negative,Neutral,,Neutral,,Neutral,,Neutral,,Positive,,Neutral,,Negative,,Neutral,
Ohh my what happened here,Neutral,Neutral,,Negative,,Neutral,,Neutral,,Positive,,Negative,,Neutral,,Neutral,
Yall realise this is AI right,Neutral,Neutral,,Neutral,,Neutral,,Neutral,,Neutral,,Neutral,,Neutral,,Neutral,
This is an INCREDIBLE use of AI,Positive,Positive,,Positive,,Positive,,Positive,,Positive,,Positive,,Positive,,Positive,
why does it look so real tho,Positive,Neutral,,Neutral,,Positive,,Neutral,,Neutral,,Negative,,Positive,,Neutral,
WHY IT LOOK SO REAL,Positive,Neutral,,Neutral,,Positive,,Neutral,,Positive,,Neutral,,Positive,,Neutral,
The picture in the bed took me out,Positive,Neutral,,Negative,,Positive,,Neutral,,Positive,,Negative,,Positive,,Neutral,
The picture in the bed took me out,Neutral,Negative,,Neutral,,Positive,,Neutral,,Positive,,Negative,,Positive,,Neutral,
Wait how do you guys do this,Neutral,Neutral,,Neutral,,Neutral,,Neutral,,Neutral,,Neutral,,Neutral,,Neutral,
AI is older people’s worse nightmare,Negative,Negative,,Negative,,Negative,,Negative,,Positive,,Negative,,Negative,,Negative,
The way it’s a different person every time hahah,Positive,Positive,,Positive,,Positive,,Neutral,,Positive,,Positive,,Positive,,Neutral,
This elder generation is not ready for AI,Negative,Neutral,,Negative,,Negative,,Negative,,Positive,,Negative,,Negative,,Negative,
real or ai?,Neutral,Neutral,,Neutral,,Neutral,,Neutral,,Neutral,,Neutral,,Neutral,,Neutral,
i normally don't like AI videos but this type of AI videos I really enjoyed,Positive,Positive,,Positive,,Positive,,Positive,,Positive,,Positive,,Positive,,Positive,
LOVE THESE VIDEOS,Positive,Positive,,Positive,,Positive,,Positive,,Positive,,Positive,,Positive,,Positive,
Damn Al it's on league of its own,Positive,Negative,,Positive,,Positive,,Positive,,Positive,,Negative,,Positive,,Positive,
How freaking adorable! Why can’t we see more stuff like this,Positive,Positive,,Positive,,Positive,,Positive,,Positive,,Positive,,Positive,,Positive,
They're so beautiful tho,Positive,Positive,,Positive,,Positive,,Positive,,Positive,,Positive,,Positive,,Positive,
Beautiful and creative,Positive,Positive,,Positive,,Positive,,Positive,,Positive,,Positive,,Positive,,Positive,
AI is so cool,Positive,Positive,,Positive,,Positive,,Positive,,Positive,,Positive,,Positive,,Positive,
Ai getting out of hand ,Negative,Negative,,Negative,,Negative,,Negative,,Positive,,Negative,,Negative,,Negative,
i dont like that,Negative,Negative,,Negative,,Negative,,Negative,,Positive,,Negative,,Negative,,Negative,
This better be AI or I’m passing away,Neutral,Neutral,,Negative,,Negative,,Negative,,Negative,,Negative,,Positive,,Positive,
bro it's actually look scary,Negative,Negative,,Negative,,Negative,,Neutral,,Negative,,Negative,,Negative,,Negative,
finally one that actually looks like the cartoon art style,Positive,Positive,,Positive,,Positive,,Positive,,Positive,,Positive,,Positive,,Positive,
That was generous,Neutral,Positive,,Positive,,Positive,,Positive,,Positive,,Positive,,Positive,,Positive,
why are we using ai,Neutral,Neutral,,Neutral,,Neutral,,Neutral,,Positive,,Neutral,,Neutral,,Neutral,
Period this is CUTE,Positive,Positive,,Positive,,Positive,,Positive,,Positive,,Positive,,Positive,,Positive,
why are people so negative,Neutral,Neutral,,Negative,,Negative,,Neutral,,Positive,,Negative,,Negative,,Neutral,
why is everyone hating? I actually think it's cute,Positive,Neutral,,Positive,,Positive,,Positive,,Positive,,Positive,,Positive,,Positive,
Omg yours is so cute !! I’m scared ima look crazy,Positive,Positive,,Positive,,Positive,,Positive,,Positive,,Positive,,Positive,,Neutral,
STOP THATS ACTUALLY SO CUTE,Positive,Positive,,Positive,,Positive,,Positive,,Positive,,Positive,,Positive,,Positive,
Just ask someone to draw u?,Negative,Neutral,,Neutral,,Neutral,,Neutral,,Neutral,,Negative,,Neutral,,Neutral,
Look into Data Center Alley…is scary,Negative,Negative,,Negative,,Negative,,Negative,,Positive,,Negative,,Negative,,Negative,
NOT TO MENTION ITS KILLING OUR ENVIRONMENT AND USING ALL OUR DRINKING WATER,Negative,Negative,,Negative,,Negative,,Negative,,Positive,,Negative,,Negative,,Negative,
No one cares until it affects them,Negative,Neutral,,Negative,,Negative,,Negative,,Positive,,Negative,,Negative,,Negative,
Yes it’s bad all around,Negative,Negative,,Negative,,Negative,,Negative,,Positive,,Negative,,Negative,,Negative,
AI is the devil,Negative,Negative,,Negative,,Negative,,Negative,,Positive,,Negative,,Negative,,Negative,
This is awesome!,Positive,Positive,,Positive,,Positive,,Positive,,Positive,,Positive,,Positive,,Positive,
Teach me I’m interested,Positive,Positive,,Positive,,Positive,,Positive,,Positive,,Positive,,Positive,,Neutral,
She’s taking all our water bruh,Negative,Negative,,Negative,,Negative,,Negative,,Positive,,Negative,,Negative,,Negative,
This is sad,Negative,Negative,,Negative,,Negative,,Negative,,Negative,,Negative,,Negative,,Negative,
Need be careful guys,Negative,Neutral,,Neutral,,Negative,,Neutral,,Positive,,Neutral,,Negative,,Neutral,
"Great video.
I love it",Positive,Positive,,Positive,,Positive,,Positive,,Positive,,Positive,,Positive,,Positive,
Should I label as ai generated,Neutral,Neutral,,Neutral,,Neutral,,Neutral,,Neutral,,Neutral,,Neutral,,Neutral,
These ai’s really be some fine ,Positive,Positive,,Positive,,Positive,,Positive,,Positive,,Positive,,Positive,,Positive,
Not the fries sounding crunchy,Negative,Neutral,,Negative,,Negative,,Negative,,Positive,,Negative,,Negative,,Neutral,
Why would anyone do ts bruh,Negative,Negative,,Negative,,Negative,,Neutral,,Negative,,Negative,,Negative,,Negative,
"let's leave designing,to Graphic designers",Negative,Neutral,,Neutral,,Neutral,,Neutral,,Neutral,,Neutral,,Neutral,,Neutral,
"no, let's teach people to design better",Positive,Neutral,,Positive,,Neutral,,Neutral,,Positive,,Positive,,Positive,,Neutral,
I love this just started my AI influencer page today,Positive,Positive,,Positive,,Positive,,Positive,,Positive,,Positive,,Positive,,Positive,
"I see it on all social platforms, I just smh and chuckle",Negative,Negative,,Neutral,,Neutral,,Neutral,,Neutral,,Positive,,Neutral,,Neutral,
SO TRUE..its sad but so true,Negative,Negative,,Positive,,Negative,,Neutral,,Negative,,Negative,,Negative,,Neutral,
Im so scared of bottom right,Negative,Negative,,Negative,,Negative,,Negative,,Positive,,Negative,,Negative,,Negative,
why does ai always make everything orange,Neutral,Neutral,,Negative,,Negative,,Neutral,,Negative,,Neutral,,Negative,,Neutral,
Ai yellow,Neutral,Neutral,,Neutral,,Neutral,,Neutral,,Neutral,,Negative,,Neutral,,Neutral,
bro drained a river for this,Negative,Negative,,Negative,,Neutral,,Neutral,,Negative,,Negative,,Negative,,Negative,
They infact did change a thing,Negative,Neutral,,Negative,,Negative,,Neutral,,Positive,,Neutral,,Neutral,,Neutral,
Ts why RAM costs $1000s,Negative,Neutral,,Neutral,,Negative,,Neutral,,Neutral,,Negative,,Negative,,Negative,
early ai video generation algorithm btw,Neutral,Neutral,,Neutral,,Neutral,,Neutral,,Positive,,Neutral,,Neutral,,Neutral,
Imagine the woman who took the photo seeing this,Neutral,Neutral,,Neutral,,Neutral,,Neutral,,Neutral,,Neutral,,Neutral,,Neutral,
why does it always turn orange,Negative,Neutral,,Negative,,Negative,,Neutral,,Negative,,Neutral,,Negative,,Neutral,
Not it turning into spock,Neutral,Neutral,,Negative,,Neutral,,Neutral,,Neutral,,Negative,,Neutral,,Neutral,
"yall genuinely asking, how does making ai take water? cus im so confused",Neutral,Neutral,,Neutral,,Neutral,,Neutral,,Positive,,Negative,,Neutral,,Neutral,
this is why ram shortages exist,Negative,Neutral,,Neutral,,Negative,,Neutral,,Negative,,Negative,,Negative,,Neutral,
this is ai,Neutral,Neutral,,Neutral,,Neutral,,Neutral,,Neutral,,Neutral,,Neutral,,Neutral,
Can we stop creating these stupid useless AI trends they are just ruining our environment,Negative,Negative,,Negative,,Negative,,Negative,,Positive,,Negative,,Negative,,Negative,
omg the second one looks SO MUCH like you,Positive,Positive,,Positive,,Positive,,Neutral,,Positive,,Positive,,Positive,,Positive,
never stop these,Positive,Neutral,,Neutral,,Positive,,Neutral,,Neutral,,Positive,,Positive,,Neutral,
Not only do I never skip these videos o don’t even watch them in 2x speed and that’s saying something,Positive,Positive,,Positive,,Positive,,Positive,,Positive,,Positive,,Positive,,Positive,
This is flattering,Positive,Positive,,Positive,,Positive,,Positive,,Positive,,Positive,,Positive,,Positive,
Dear God these malee laugh,Positive,Negative,,Negative,,Neutral,,Neutral,,Positive,,Negative,,Negative,,Neutral,
THANK YOU,Positive,Positive,,Positive,,Positive,,Positive,,Positive,,Positive,,Positive,,Positive,
Yes brother. AI getting of hand,Negative,Neutral,,Negative,,Negative,,Neutral,,Negative,,Positive,,Negative,,Neutral,
The Ai was fantastic well done,Positive,Positive,,Positive,,Positive,,Positive,,Positive,,Positive,,Positive,,Positive,
same it just seems dodgy and I assume it’s a scam,Negative,Negative,,Negative,,Negative,,Negative,,Positive,,Negative,,Negative,,Negative,
I AM SO OVER THESE GRAPHICS!!! Legit posted about this on Facebook recently,Negative,Negative,,Negative,,Negative,,Negative,,Negative,,Negative,,Negative,,Negative,
It’s embarrassing,Negative,Negative,,Negative,,Negative,,Negative,,Negative,,Negative,,Negative,,Negative,
i recognise the font and the overall layout IMMEDIATELY and know that the service will be shit,Negative,Negative,,Negative,,Negative,,Negative,,Positive,,Negative,,Negative,,Negative,
Ai is the name of the game man,Positive,Positive,,Positive,,Neutral,,Neutral,,Positive,,Positive,,Positive,,Positive,
Claude. Claude. Claude. Ive used them all and its Claude hands down. Opus for strategy and depth. Sonnet tor daily use. Pro plan $20 a month. And i agree Projects is where its at,Positive,Positive,,Positive,,Positive,,Positive,,Positive,,Positive,,Positive,,Positive,
Claude code is the biggest unlock,Positive,Positive,,Positive,,Positive,,Positive,,Positive,,Positive,,Positive,,Positive,
"This is amazing, would love a tutorial lowkey",Positive,Positive,,Positive,,Positive,,Positive,,Positive,,Positive,,Positive,,Positive,
That seems to be the only use case I ever see on here. Endless video creation lol,Neutral,Neutral,,Negative,,Neutral,,Neutral,,Neutral,,Negative,,Negative,,Neutral,
The prompt cowboy is great,Positive,Positive,,Positive,,Positive,,Positive,,Positive,,Positive,,Positive,,Positive,
"Wait til this guy learns Claude, gunna be a beast",Positive,Positive,,Positive,,Positive,,Positive,,Positive,,Positive,,Positive,,Positive,
Thank you so much! This is great info,Positive,Positive,,Positive,,Positive,,Positive,,Positive,,Positive,,Positive,,Positive,
"No, please don't do that",Negative,Negative,,Negative,,Negative,,Negative,,Positive,,Negative,,Negative,,Negative,
weirdest thing I've seen today,Negative,Neutral,,Negative,,Neutral,,Neutral,,Negative,,Negative,,Neutral,,Neutral,
stop ai,Negative,Neutral,,Negative,,Negative,,Neutral,,Negative,,Negative,,Negative,,Neutral,
"GUYS STOP USING AI IF WE CONTINUE TO USE IT, ANIMALS LIKE POLAR BEARS CAN GO EXTINCT..AND IN ABOUT 27 YEARS WE WOULD NOT HAVE ANY WATER TO DRINK IF THIS DOESNT CHANGE..",Negative,Negative,,Negative,,Negative,,Negative,,Negative,,Negative,,Negative,,Negative,
Love this kind of look I create in a similar style on my page,Positive,Positive,,Positive,,Positive,,Positive,,Positive,,Positive,,Positive,,Positive,
stop aiiiii,Negative,Negative,,Negative,,Negative,,Negative,,Negative,,Negative,,Negative,,Negative,
Yoh I thought you were the AI and the AI was you,Neutral,Neutral,,Neutral,,Neutral,,Neutral,,Positive,,Neutral,,Neutral,,Neutral,
This is actually so annoying,Negative,Negative,,Negative,,Negative,,Negative,,Positive,,Negative,,Negative,,Negative,
